order_id,customer_id,order_date,channel,total_amount,status
ORD0001,CUST0270,2025-11-24,MOBILE,546.67,CANCELLED
ORD0002,CUST0393,2025-11-28,WEB,815.52,PLACED
ORD0003,CUST0268,2025-11-23,WEB,320.41,SHIPPED
ORD0004,CUST0087,2025-12-04,WEB,52.67,PLACED
ORD0005,CUST0101,2025-12-04,MOBILE,749.17,CANCELLED
ORD0006,CUST0385,2025-10-18,MOBILE,864.31,SHIPPED
ORD0007,CUST0185,2025-11-30,STORE,921.17,CANCELLED
ORD0008,CUST0273,2025-11-07,WEB,228.34,DELIVERED
ORD0009,CUST0154,2025-11-08,MOBILE,52.03,PLACED
ORD0010,CUST0293,2025-11-16,STORE,361.33,DELIVERED
ORD0011,CUST0024,2025-10-23,WEB,938.81,DELIVERED
ORD0012,CUST0467,2025-10-20,STORE,101.09,CANCELLED
ORD0013,CUST0188,2025-11-13,MOBILE,671.68,PLACED
ORD0014,CUST0273,2025-11-24,WEB,46.4,PLACED
ORD0015,CUST0407,2025-10-10,MOBILE,728.32,SHIPPED
ORD0016,CUST0257,2025-12-05,MOBILE,826.77,DELIVERED
ORD0017,CUST0049,2025-10-14,STORE,959.71,DELIVERED
ORD0018,CUST0415,2025-10-27,WEB,198.35,DELIVERED
ORD0019,CUST0216,2025-11-19,WEB,639.84,CANCELLED
ORD0020,CUST0472,2025-10-29,MOBILE,933.56,DELIVERED
ORD0021,CUST0377,2025-11-21,WEB,48.27,PLACED
ORD0022,CUST0196,2025-11-10,MOBILE,613.97,DELIVERED
ORD0023,CUST0216,2025-11-01,STORE,936.53,PLACED
ORD0024,CUST0331,2025-11-05,WEB,247.61,CANCELLED
ORD0025,CUST0293,2025-10-09,MOBILE,677.15,CANCELLED
ORD0026,CUST0130,2025-11-02,WEB,221.62,DELIVERED
ORD0027,CUST0077,2025-12-05,MOBILE,312.48,DELIVERED
ORD0028,CUST0111,2025-11-15,STORE,723.22,DELIVERED
ORD0029,CUST0079,2025-11-23,WEB,522.88,PLACED
ORD0030,CUST0436,2025-10-19,MOBILE,442.32,SHIPPED
ORD0031,CUST0249,2025-11-23,STORE,967.21,CANCELLED
ORD0032,CUST0459,2025-11-06,MOBILE,144.13,SHIPPED
ORD0033,CUST0166,2025-10-15,WEB,204.51,SHIPPED
ORD0034,CUST0186,2025-11-27,WEB,836.03,PLACED
ORD0035,CUST0265,2025-11-08,MOBILE,280.39,CANCELLED
ORD0036,CUST0386,2025-10-29,STORE,991.48,PLACED
ORD0037,CUST0208,2025-10-09,MOBILE,420.6,DELIVERED
ORD0038,CUST0393,2025-10-22,MOBILE,774.72,PLACED
ORD0039,CUST0044,2025-11-01,MOBILE,228.07,CANCELLED
ORD0040,CUST0263,2025-11-13,STORE,296.16,DELIVERED
ORD0041,CUST0001,2025-10-08,WEB,564.01,CANCELLED
ORD0042,CUST0265,2025-11-05,STORE,528.39,PLACED
ORD0043,CUST0430,2025-11-10,MOBILE,742.63,DELIVERED
ORD0044,CUST0407,2025-11-23,STORE,655.65,PLACED
ORD0045,CUST0481,2025-10-29,WEB,656.27,DELIVERED
ORD0046,CUST0445,2025-11-09,MOBILE,897.02,PLACED
ORD0047,CUST0088,2025-12-01,STORE,872.21,SHIPPED
ORD0048,CUST0053,2025-11-14,MOBILE,530.23,DELIVERED
ORD0049,CUST0374,2025-12-02,WEB,324.59,PLACED
ORD0050,CUST0462,2025-11-13,STORE,357.85,DELIVERED
ORD0051,CUST0312,2025-10-14,STORE,922.24,SHIPPED
ORD0052,CUST0054,2025-10-14,STORE,715.75,PLACED
ORD0053,CUST0282,2025-11-07,WEB,932.74,SHIPPED
ORD0054,CUST0429,2025-10-10,WEB,400.19,CANCELLED
ORD0055,CUST0386,2025-11-21,STORE,563.43,DELIVERED
ORD0056,CUST0273,2025-11-05,MOBILE,542.84,CANCELLED
ORD0057,CUST0157,2025-11-17,WEB,52.26,SHIPPED
ORD0058,CUST0053,2025-10-22,STORE,602.06,SHIPPED
ORD0059,CUST0336,2025-11-05,WEB,336.73,CANCELLED
ORD0060,CUST0137,2025-10-24,WEB,372.23,SHIPPED
ORD0061,CUST0351,2025-12-03,STORE,289.22,SHIPPED
ORD0062,CUST0380,2025-10-20,MOBILE,854.86,CANCELLED
ORD0063,CUST0440,2025-11-11,STORE,322.95,CANCELLED
ORD0064,CUST0078,2025-11-03,WEB,328.78,CANCELLED
ORD0065,CUST0294,2025-11-02,WEB,504.75,SHIPPED
ORD0066,CUST0464,2025-12-04,WEB,530.71,SHIPPED
ORD0067,CUST0029,2025-11-10,WEB,189.49,CANCELLED
ORD0068,CUST0167,2025-10-08,STORE,84.8,PLACED
ORD0069,CUST0077,2025-10-09,STORE,785.46,SHIPPED
ORD0070,CUST0336,2025-11-16,STORE,129.0,CANCELLED
ORD0071,CUST0486,2025-10-18,WEB,359.29,CANCELLED
ORD0072,CUST0364,2025-11-29,MOBILE,358.44,DELIVERED
ORD0073,CUST0289,2025-11-11,STORE,216.47,SHIPPED
ORD0074,CUST0045,2025-11-04,STORE,669.95,PLACED
ORD0075,CUST0170,2025-10-17,MOBILE,670.72,PLACED
ORD0076,CUST0150,2025-11-05,STORE,142.88,PLACED
ORD0077,CUST0249,2025-11-01,STORE,638.73,DELIVERED
ORD0078,CUST0249,2025-10-20,WEB,241.76,SHIPPED
ORD0079,CUST0470,2025-10-22,STORE,588.82,PLACED
ORD0080,CUST0242,2025-11-21,STORE,322.58,CANCELLED
ORD0081,CUST0450,2025-10-30,MOBILE,551.07,CANCELLED
ORD0082,CUST0247,2025-12-01,STORE,643.28,SHIPPED
ORD0083,CUST0203,2025-11-15,MOBILE,649.11,PLACED
ORD0084,CUST0031,2025-10-21,MOBILE,309.31,DELIVERED
ORD0085,CUST0143,2025-11-04,MOBILE,883.05,PLACED
ORD0086,CUST0263,2025-10-20,STORE,659.56,DELIVERED
ORD0087,CUST0303,2025-11-10,MOBILE,193.82,CANCELLED
ORD0088,CUST0467,2025-11-14,STORE,750.23,SHIPPED
ORD0089,CUST0128,2025-11-15,MOBILE,644.57,CANCELLED
ORD0090,CUST0473,2025-10-17,STORE,252.38,SHIPPED
ORD0091,CUST0401,2025-10-10,MOBILE,557.24,SHIPPED
ORD0092,CUST0349,2025-10-17,STORE,505.37,SHIPPED
ORD0093,CUST0384,2025-11-15,WEB,132.84,SHIPPED
ORD0094,CUST0013,2025-10-16,MOBILE,225.62,CANCELLED
ORD0095,CUST0112,2025-10-24,STORE,907.07,PLACED
ORD0096,CUST0216,2025-11-30,MOBILE,616.8,PLACED
ORD0097,CUST0028,2025-10-19,MOBILE,739.41,PLACED
ORD0098,CUST0361,2025-11-16,MOBILE,105.76,SHIPPED
ORD0099,CUST0194,2025-11-29,STORE,261.21,PLACED
ORD0100,CUST0412,2025-11-15,MOBILE,977.46,PLACED
ORD0101,CUST0224,2025-10-11,WEB,862.68,SHIPPED
ORD0102,CUST0264,2025-10-21,WEB,787.41,DELIVERED
ORD0103,CUST0072,2025-10-23,MOBILE,561.93,DELIVERED
ORD0104,CUST0367,2025-11-14,MOBILE,48.13,CANCELLED
ORD0105,CUST0225,2025-10-09,MOBILE,842.97,DELIVERED
ORD0106,CUST0054,2025-11-07,MOBILE,601.95,SHIPPED
ORD0107,CUST0265,2025-10-24,STORE,167.63,CANCELLED
ORD0108,CUST0218,2025-11-01,MOBILE,247.69,SHIPPED
ORD0109,CUST0403,2025-11-18,STORE,248.27,CANCELLED
ORD0110,CUST0365,2025-12-04,MOBILE,553.28,SHIPPED
ORD0111,CUST0379,2025-10-23,MOBILE,154.64,CANCELLED
ORD0112,CUST0082,2025-11-22,MOBILE,78.33,PLACED
ORD0113,CUST0222,2025-12-02,STORE,154.83,PLACED
ORD0114,CUST0187,2025-10-27,MOBILE,860.88,CANCELLED
ORD0115,CUST0116,2025-10-11,STORE,329.97,PLACED
ORD0116,CUST0129,2025-11-26,STORE,895.28,SHIPPED
ORD0117,CUST0255,2025-11-26,WEB,888.99,DELIVERED
ORD0118,CUST0178,2025-11-22,MOBILE,305.18,DELIVERED
ORD0119,CUST0290,2025-11-06,MOBILE,151.51,DELIVERED
ORD0120,CUST0173,2025-10-17,MOBILE,365.21,PLACED
ORD0121,CUST0138,2025-11-11,WEB,593.48,SHIPPED
ORD0122,CUST0465,2025-12-05,WEB,976.88,DELIVERED
ORD0123,CUST0040,2025-10-24,WEB,354.51,DELIVERED
ORD0124,CUST0446,2025-11-04,WEB,644.44,DELIVERED
ORD0125,CUST0177,2025-10-20,STORE,636.92,DELIVERED
ORD0126,CUST0255,2025-10-29,MOBILE,941.42,SHIPPED
ORD0127,CUST0369,2025-11-24,MOBILE,240.49,CANCELLED
ORD0128,CUST0428,2025-11-18,MOBILE,160.15,CANCELLED
ORD0129,CUST0008,2025-11-09,WEB,94.89,CANCELLED
ORD0130,CUST0400,2025-12-02,WEB,817.24,CANCELLED
ORD0131,CUST0114,2025-10-25,STORE,804.47,CANCELLED
ORD0132,CUST0408,2025-11-26,STORE,571.21,PLACED
ORD0133,CUST0088,2025-10-14,WEB,33.82,PLACED
ORD0134,CUST0148,2025-10-15,STORE,964.21,PLACED
ORD0135,CUST0141,2025-10-23,MOBILE,325.2,DELIVERED
ORD0136,CUST0027,2025-11-07,WEB,410.01,CANCELLED
ORD0137,CUST0412,2025-10-24,MOBILE,152.95,SHIPPED
ORD0138,CUST0356,2025-11-11,STORE,490.79,DELIVERED
ORD0139,CUST0093,2025-11-29,MOBILE,923.86,SHIPPED
ORD0140,CUST0482,2025-10-17,STORE,170.78,SHIPPED
ORD0141,CUST0116,2025-10-15,WEB,966.81,PLACED
ORD0142,CUST0266,2025-11-25,WEB,87.17,SHIPPED
ORD0143,CUST0047,2025-11-01,WEB,920.91,SHIPPED
ORD0144,CUST0446,2025-10-23,MOBILE,149.62,PLACED
ORD0145,CUST0259,2025-11-13,MOBILE,59.08,PLACED
ORD0146,CUST0139,2025-11-18,MOBILE,209.58,DELIVERED
ORD0147,CUST0367,2025-11-08,STORE,538.88,DELIVERED
ORD0148,CUST0146,2025-11-26,WEB,541.31,CANCELLED
ORD0149,CUST0263,2025-11-12,MOBILE,125.85,CANCELLED
ORD0150,CUST0225,2025-11-08,WEB,45.77,CANCELLED
ORD0151,CUST0203,2025-10-22,STORE,392.14,DELIVERED
ORD0152,CUST0451,2025-10-22,WEB,865.31,CANCELLED
ORD0153,CUST0297,2025-11-08,MOBILE,687.84,SHIPPED
ORD0154,CUST0046,2025-12-02,MOBILE,645.01,SHIPPED
ORD0155,CUST0301,2025-11-25,STORE,758.47,CANCELLED
ORD0156,CUST0120,2025-10-12,STORE,785.16,PLACED
ORD0157,CUST0213,2025-12-03,WEB,984.76,CANCELLED
ORD0158,CUST0451,2025-11-15,STORE,754.97,CANCELLED
ORD0159,CUST0285,2025-10-20,MOBILE,431.79,PLACED
ORD0160,CUST0174,2025-11-21,WEB,167.44,PLACED
ORD0161,CUST0223,2025-10-29,WEB,833.69,CANCELLED
ORD0162,CUST0449,2025-11-23,STORE,296.75,DELIVERED
ORD0163,CUST0338,2025-11-21,MOBILE,218.89,SHIPPED
ORD0164,CUST0021,2025-11-19,MOBILE,340.08,CANCELLED
ORD0165,CUST0424,2025-11-01,MOBILE,580.2,CANCELLED
ORD0166,CUST0046,2025-11-03,WEB,221.5,DELIVERED
ORD0167,CUST0333,2025-11-20,STORE,126.51,DELIVERED
ORD0168,CUST0342,2025-11-30,MOBILE,502.03,PLACED
ORD0169,CUST0492,2025-11-23,WEB,373.46,DELIVERED
ORD0170,CUST0437,2025-10-13,WEB,695.57,SHIPPED
ORD0171,CUST0132,2025-11-09,MOBILE,416.81,SHIPPED
ORD0172,CUST0224,2025-11-06,WEB,980.27,SHIPPED
ORD0173,CUST0237,2025-10-25,MOBILE,526.68,DELIVERED
ORD0174,CUST0060,2025-10-26,STORE,630.61,CANCELLED
ORD0175,CUST0005,2025-11-09,MOBILE,178.38,DELIVERED
ORD0176,CUST0051,2025-10-23,WEB,676.84,SHIPPED
ORD0177,CUST0401,2025-11-19,STORE,919.51,SHIPPED
ORD0178,CUST0350,2025-10-08,MOBILE,821.7,CANCELLED
ORD0179,CUST0435,2025-10-14,MOBILE,644.91,SHIPPED
ORD0180,CUST0071,2025-11-26,STORE,185.24,DELIVERED
ORD0181,CUST0108,2025-11-02,STORE,898.13,CANCELLED
ORD0182,CUST0152,2025-11-05,WEB,862.46,DELIVERED
ORD0183,CUST0322,2025-11-30,WEB,897.72,DELIVERED
ORD0184,CUST0315,2025-11-07,MOBILE,88.64,PLACED
ORD0185,CUST0084,2025-11-12,WEB,344.9,CANCELLED
ORD0186,CUST0022,2025-10-09,MOBILE,216.45,SHIPPED
ORD0187,CUST0276,2025-11-19,MOBILE,578.3,PLACED
ORD0188,CUST0472,2025-11-21,WEB,531.86,SHIPPED
ORD0189,CUST0493,2025-10-10,MOBILE,636.19,CANCELLED
ORD0190,CUST0081,2025-10-22,WEB,869.69,DELIVERED
ORD0191,CUST0150,2025-10-22,STORE,291.69,SHIPPED
ORD0192,CUST0155,2025-10-27,MOBILE,730.31,PLACED
ORD0193,CUST0482,2025-10-13,STORE,847.65,DELIVERED
ORD0194,CUST0252,2025-11-27,WEB,208.66,CANCELLED
ORD0195,CUST0050,2025-10-13,MOBILE,68.69,SHIPPED
ORD0196,CUST0225,2025-10-25,WEB,159.19,SHIPPED
ORD0197,CUST0478,2025-11-24,STORE,980.99,SHIPPED
ORD0198,CUST0071,2025-11-06,STORE,395.72,DELIVERED
ORD0199,CUST0447,2025-10-14,WEB,73.5,DELIVERED
ORD0200,CUST0013,2025-11-03,MOBILE,621.51,SHIPPED
ORD0201,CUST0266,2025-11-14,WEB,552.53,DELIVERED
ORD0202,CUST0230,2025-11-30,STORE,751.95,SHIPPED
ORD0203,CUST0296,2025-10-17,WEB,25.08,PLACED
ORD0204,CUST0120,2025-11-25,WEB,899.32,DELIVERED
ORD0205,CUST0467,2025-12-01,MOBILE,714.49,CANCELLED
ORD0206,CUST0042,2025-10-27,STORE,428.31,SHIPPED
ORD0207,CUST0326,2025-11-05,STORE,269.87,SHIPPED
ORD0208,CUST0187,2025-11-04,STORE,736.01,CANCELLED
ORD0209,CUST0380,2025-10-26,MOBILE,918.35,DELIVERED
ORD0210,CUST0106,2025-10-22,WEB,672.95,PLACED
ORD0211,CUST0187,2025-10-23,MOBILE,522.48,DELIVERED
ORD0212,CUST0267,2025-10-13,STORE,722.21,DELIVERED
ORD0213,CUST0261,2025-11-30,WEB,701.25,CANCELLED
ORD0214,CUST0116,2025-10-08,STORE,862.75,SHIPPED
ORD0215,CUST0008,2025-10-18,STORE,957.96,PLACED
ORD0216,CUST0473,2025-11-07,STORE,849.47,SHIPPED
ORD0217,CUST0423,2025-12-02,WEB,799.49,PLACED
ORD0218,CUST0236,2025-10-12,WEB,182.91,CANCELLED
ORD0219,CUST0133,2025-10-13,WEB,665.3,SHIPPED
ORD0220,CUST0164,2025-11-01,WEB,895.0,PLACED
ORD0221,CUST0395,2025-10-20,STORE,405.08,SHIPPED
ORD0222,CUST0199,2025-11-28,STORE,220.49,DELIVERED
ORD0223,CUST0336,2025-11-16,WEB,756.98,DELIVERED
ORD0224,CUST0172,2025-11-13,MOBILE,954.43,SHIPPED
ORD0225,CUST0440,2025-11-30,WEB,288.39,DELIVERED
ORD0226,CUST0329,2025-12-02,WEB,677.29,CANCELLED
ORD0227,CUST0311,2025-11-30,STORE,654.17,DELIVERED
ORD0228,CUST0336,2025-10-21,MOBILE,609.34,CANCELLED
ORD0229,CUST0499,2025-10-20,WEB,211.03,PLACED
ORD0230,CUST0441,2025-10-10,STORE,944.88,DELIVERED
ORD0231,CUST0341,2025-10-22,STORE,788.78,PLACED
ORD0232,CUST0390,2025-10-28,STORE,685.99,SHIPPED
ORD0233,CUST0137,2025-10-27,WEB,402.69,CANCELLED
ORD0234,CUST0297,2025-10-12,WEB,583.69,PLACED
ORD0235,CUST0379,2025-11-27,STORE,899.68,PLACED
ORD0236,CUST0153,2025-10-24,MOBILE,389.16,PLACED
ORD0237,CUST0404,2025-10-18,WEB,537.07,SHIPPED
ORD0238,CUST0290,2025-11-17,STORE,249.22,SHIPPED
ORD0239,CUST0030,2025-11-02,WEB,706.57,PLACED
ORD0240,CUST0197,2025-11-04,STORE,480.23,CANCELLED
ORD0241,CUST0385,2025-10-15,MOBILE,484.37,CANCELLED
ORD0242,CUST0229,2025-11-16,STORE,376.97,PLACED
ORD0243,CUST0029,2025-11-03,STORE,929.93,CANCELLED
ORD0244,CUST0490,2025-10-24,MOBILE,566.09,PLACED
ORD0245,CUST0209,2025-11-10,WEB,703.17,CANCELLED
ORD0246,CUST0070,2025-11-26,STORE,77.87,SHIPPED
ORD0247,CUST0445,2025-11-14,WEB,236.66,CANCELLED
ORD0248,CUST0347,2025-10-18,MOBILE,384.8,SHIPPED
ORD0249,CUST0416,2025-12-03,WEB,779.67,SHIPPED
ORD0250,CUST0429,2025-11-17,MOBILE,394.49,SHIPPED
ORD0251,CUST0185,2025-10-26,MOBILE,46.65,CANCELLED
ORD0252,CUST0132,2025-12-01,WEB,846.94,PLACED
ORD0253,CUST0048,2025-11-03,STORE,177.51,DELIVERED
ORD0254,CUST0117,2025-11-16,WEB,208.81,DELIVERED
ORD0255,CUST0078,2025-12-05,STORE,730.77,PLACED
ORD0256,CUST0117,2025-10-14,STORE,332.5,DELIVERED
ORD0257,CUST0349,2025-11-07,MOBILE,79.68,PLACED
ORD0258,CUST0203,2025-10-07,STORE,359.96,SHIPPED
ORD0259,CUST0487,2025-10-19,WEB,280.26,SHIPPED
ORD0260,CUST0219,2025-11-25,MOBILE,940.19,CANCELLED
ORD0261,CUST0044,2025-11-10,STORE,94.76,PLACED
ORD0262,CUST0004,2025-11-22,STORE,360.15,PLACED
ORD0263,CUST0302,2025-11-11,STORE,853.8,SHIPPED
ORD0264,CUST0017,2025-10-10,WEB,595.08,DELIVERED
ORD0265,CUST0181,2025-11-22,WEB,44.78,DELIVERED
ORD0266,CUST0431,2025-10-26,WEB,513.78,PLACED
ORD0267,CUST0477,2025-12-01,MOBILE,840.41,CANCELLED
ORD0268,CUST0370,2025-10-11,STORE,318.85,SHIPPED
ORD0269,CUST0370,2025-11-19,STORE,558.83,CANCELLED
ORD0270,CUST0069,2025-10-19,MOBILE,274.21,PLACED
ORD0271,CUST0165,2025-12-03,STORE,728.03,CANCELLED
ORD0272,CUST0325,2025-11-08,WEB,488.83,CANCELLED
ORD0273,CUST0187,2025-11-17,WEB,266.72,PLACED
ORD0274,CUST0166,2025-11-10,STORE,192.59,DELIVERED
ORD0275,CUST0386,2025-10-26,MOBILE,283.17,PLACED
ORD0276,CUST0448,2025-11-08,MOBILE,502.38,DELIVERED
ORD0277,CUST0269,2025-11-20,STORE,607.51,DELIVERED
ORD0278,CUST0438,2025-10-22,STORE,51.98,DELIVERED
ORD0279,CUST0218,2025-10-23,MOBILE,258.02,PLACED
ORD0280,CUST0485,2025-11-26,MOBILE,898.21,SHIPPED
ORD0281,CUST0148,2025-11-06,MOBILE,448.22,CANCELLED
ORD0282,CUST0079,2025-10-26,MOBILE,125.24,CANCELLED
ORD0283,CUST0138,2025-10-14,MOBILE,524.57,CANCELLED
ORD0284,CUST0341,2025-11-02,WEB,839.05,SHIPPED
ORD0285,CUST0075,2025-10-15,STORE,128.59,SHIPPED
ORD0286,CUST0038,2025-10-11,WEB,90.11,SHIPPED
ORD0287,CUST0286,2025-10-15,WEB,220.42,SHIPPED
ORD0288,CUST0221,2025-11-24,MOBILE,658.77,DELIVERED
ORD0289,CUST0407,2025-10-31,WEB,981.94,SHIPPED
ORD0290,CUST0418,2025-11-20,MOBILE,948.02,CANCELLED
ORD0291,CUST0276,2025-10-29,MOBILE,541.5,SHIPPED
ORD0292,CUST0352,2025-10-08,STORE,699.44,PLACED
ORD0293,CUST0449,2025-11-08,STORE,590.05,SHIPPED
ORD0294,CUST0132,2025-11-28,MOBILE,385.13,PLACED
ORD0295,CUST0263,2025-11-07,MOBILE,747.6,PLACED
ORD0296,CUST0191,2025-11-27,STORE,521.58,SHIPPED
ORD0297,CUST0194,2025-10-24,MOBILE,90.91,DELIVERED
ORD0298,CUST0073,2025-10-12,STORE,431.55,CANCELLED
ORD0299,CUST0361,2025-11-01,WEB,563.92,SHIPPED
ORD0300,CUST0199,2025-10-12,STORE,244.46,PLACED
ORD0301,CUST0298,2025-11-08,WEB,979.08,SHIPPED
ORD0302,CUST0286,2025-10-18,WEB,901.8,CANCELLED
ORD0303,CUST0386,2025-11-08,WEB,138.57,CANCELLED
ORD0304,CUST0366,2025-11-24,MOBILE,830.13,PLACED
ORD0305,CUST0409,2025-11-24,STORE,638.97,CANCELLED
ORD0306,CUST0310,2025-11-20,MOBILE,700.89,CANCELLED
ORD0307,CUST0403,2025-11-21,STORE,912.22,SHIPPED
ORD0308,CUST0185,2025-11-13,STORE,444.45,DELIVERED
ORD0309,CUST0454,2025-10-29,STORE,334.09,CANCELLED
ORD0310,CUST0306,2025-10-15,STORE,404.22,SHIPPED
ORD0311,CUST0164,2025-10-21,WEB,277.17,CANCELLED
ORD0312,CUST0033,2025-11-12,MOBILE,143.63,SHIPPED
ORD0313,CUST0150,2025-10-20,STORE,990.51,SHIPPED
ORD0314,CUST0304,2025-10-17,WEB,81.38,SHIPPED
ORD0315,CUST0375,2025-10-19,STORE,275.39,DELIVERED
ORD0316,CUST0414,2025-10-19,MOBILE,308.81,CANCELLED
ORD0317,CUST0178,2025-11-19,WEB,467.45,CANCELLED
ORD0318,CUST0315,2025-10-24,MOBILE,400.84,CANCELLED
ORD0319,CUST0210,2025-11-29,WEB,185.44,DELIVERED
ORD0320,CUST0378,2025-11-12,STORE,364.01,PLACED
ORD0321,CUST0394,2025-10-08,WEB,217.02,SHIPPED
ORD0322,CUST0222,2025-10-27,STORE,608.59,DELIVERED
ORD0323,CUST0381,2025-11-05,MOBILE,543.34,SHIPPED
ORD0324,CUST0419,2025-10-20,WEB,77.34,CANCELLED
ORD0325,CUST0437,2025-11-28,MOBILE,643.8,PLACED
ORD0326,CUST0074,2025-12-03,WEB,613.3,DELIVERED
ORD0327,CUST0334,2025-11-30,STORE,95.44,CANCELLED
ORD0328,CUST0484,2025-10-28,STORE,318.77,PLACED
ORD0329,CUST0268,2025-11-09,WEB,754.31,SHIPPED
ORD0330,CUST0038,2025-10-12,STORE,48.71,CANCELLED
ORD0331,CUST0291,2025-11-14,STORE,192.04,SHIPPED
ORD0332,CUST0290,2025-12-02,STORE,23.44,SHIPPED
ORD0333,CUST0412,2025-10-21,STORE,368.04,PLACED
ORD0334,CUST0297,2025-12-03,MOBILE,654.7,DELIVERED
ORD0335,CUST0478,2025-11-02,STORE,666.39,CANCELLED
ORD0336,CUST0367,2025-10-31,MOBILE,954.58,DELIVERED
ORD0337,CUST0419,2025-11-21,MOBILE,862.96,PLACED
ORD0338,CUST0407,2025-12-02,MOBILE,685.43,DELIVERED
ORD0339,CUST0281,2025-11-08,WEB,37.13,DELIVERED
ORD0340,CUST0195,2025-11-05,STORE,289.82,SHIPPED
ORD0341,CUST0430,2025-10-28,WEB,494.76,SHIPPED
ORD0342,CUST0076,2025-10-19,MOBILE,354.5,DELIVERED
ORD0343,CUST0474,2025-10-29,MOBILE,871.62,SHIPPED
ORD0344,CUST0204,2025-11-15,MOBILE,737.73,DELIVERED
ORD0345,CUST0371,2025-11-06,STORE,90.8,SHIPPED
ORD0346,CUST0419,2025-11-23,STORE,569.25,SHIPPED
ORD0347,CUST0357,2025-10-10,STORE,554.77,SHIPPED
ORD0348,CUST0242,2025-11-15,MOBILE,179.64,SHIPPED
ORD0349,CUST0429,2025-10-21,STORE,890.66,CANCELLED
ORD0350,CUST0273,2025-11-01,STORE,23.74,SHIPPED
ORD0351,CUST0263,2025-11-26,WEB,776.61,DELIVERED
ORD0352,CUST0302,2025-11-12,MOBILE,959.42,PLACED
ORD0353,CUST0122,2025-10-25,WEB,42.65,SHIPPED
ORD0354,CUST0453,2025-10-12,STORE,533.44,SHIPPED
ORD0355,CUST0322,2025-11-28,MOBILE,379.34,DELIVERED
ORD0356,CUST0496,2025-11-29,WEB,913.34,DELIVERED
ORD0357,CUST0208,2025-10-30,WEB,647.46,PLACED
ORD0358,CUST0400,2025-10-21,STORE,436.78,PLACED
ORD0359,CUST0106,2025-10-19,STORE,813.96,PLACED
ORD0360,CUST0329,2025-10-08,STORE,226.58,SHIPPED
ORD0361,CUST0168,2025-11-30,WEB,474.86,DELIVERED
ORD0362,CUST0372,2025-11-30,MOBILE,780.34,SHIPPED
ORD0363,CUST0122,2025-11-08,MOBILE,346.89,PLACED
ORD0364,CUST0146,2025-11-16,MOBILE,158.56,SHIPPED
ORD0365,CUST0452,2025-11-09,WEB,262.63,SHIPPED
ORD0366,CUST0304,2025-12-04,MOBILE,821.27,PLACED
ORD0367,CUST0299,2025-11-03,STORE,510.36,SHIPPED
ORD0368,CUST0024,2025-10-11,STORE,418.51,DELIVERED
ORD0369,CUST0004,2025-10-12,WEB,90.95,DELIVERED
ORD0370,CUST0096,2025-11-17,MOBILE,393.63,PLACED
ORD0371,CUST0061,2025-12-01,MOBILE,422.15,DELIVERED
ORD0372,CUST0479,2025-10-26,WEB,354.03,DELIVERED
ORD0373,CUST0328,2025-11-16,WEB,842.57,CANCELLED
ORD0374,CUST0419,2025-11-08,WEB,639.66,PLACED
ORD0375,CUST0051,2025-12-03,WEB,435.41,CANCELLED
ORD0376,CUST0289,2025-10-09,STORE,642.86,SHIPPED
ORD0377,CUST0402,2025-11-17,WEB,739.29,CANCELLED
ORD0378,CUST0288,2025-11-21,STORE,581.4,DELIVERED
ORD0379,CUST0468,2025-12-05,MOBILE,823.5,SHIPPED
ORD0380,CUST0292,2025-11-08,MOBILE,161.73,SHIPPED
ORD0381,CUST0342,2025-11-14,STORE,648.29,CANCELLED
ORD0382,CUST0129,2025-11-04,STORE,632.89,SHIPPED
ORD0383,CUST0320,2025-10-29,STORE,348.9,SHIPPED
ORD0384,CUST0138,2025-10-30,MOBILE,573.77,DELIVERED
ORD0385,CUST0051,2025-10-29,MOBILE,150.93,CANCELLED
ORD0386,CUST0466,2025-10-16,WEB,458.71,DELIVERED
ORD0387,CUST0332,2025-12-01,STORE,849.1,SHIPPED
ORD0388,CUST0290,2025-11-26,MOBILE,774.24,SHIPPED
ORD0389,CUST0368,2025-10-18,STORE,808.87,DELIVERED
ORD0390,CUST0285,2025-11-07,MOBILE,290.79,CANCELLED
ORD0391,CUST0368,2025-11-25,WEB,334.21,CANCELLED
ORD0392,CUST0362,2025-10-13,MOBILE,200.59,DELIVERED
ORD0393,CUST0059,2025-11-27,WEB,325.78,PLACED
ORD0394,CUST0252,2025-11-17,MOBILE,840.64,SHIPPED
ORD0395,CUST0184,2025-10-11,STORE,181.9,SHIPPED
ORD0396,CUST0073,2025-10-15,WEB,588.6,PLACED
ORD0397,CUST0405,2025-10-21,WEB,683.23,SHIPPED
ORD0398,CUST0174,2025-10-25,MOBILE,360.63,PLACED
ORD0399,CUST0179,2025-10-16,STORE,340.56,DELIVERED
ORD0400,CUST0495,2025-10-13,WEB,135.1,CANCELLED
ORD0401,CUST0008,2025-11-18,STORE,342.51,CANCELLED
ORD0402,CUST0478,2025-12-01,MOBILE,588.59,DELIVERED
ORD0403,CUST0487,2025-10-09,WEB,238.23,SHIPPED
ORD0404,CUST0106,2025-11-10,MOBILE,344.57,DELIVERED
ORD0405,CUST0299,2025-11-25,WEB,424.37,SHIPPED
ORD0406,CUST0364,2025-10-07,WEB,562.22,DELIVERED
ORD0407,CUST0355,2025-10-17,STORE,885.01,DELIVERED
ORD0408,CUST0349,2025-11-30,WEB,850.48,PLACED
ORD0409,CUST0206,2025-10-21,WEB,98.43,CANCELLED
ORD0410,CUST0263,2025-10-09,MOBILE,724.75,DELIVERED
ORD0411,CUST0428,2025-11-01,STORE,628.96,CANCELLED
ORD0412,CUST0256,2025-11-30,STORE,785.32,SHIPPED
ORD0413,CUST0495,2025-10-15,WEB,354.48,DELIVERED
ORD0414,CUST0420,2025-11-08,WEB,517.41,PLACED
ORD0415,CUST0115,2025-11-23,STORE,852.16,PLACED
ORD0416,CUST0380,2025-11-10,STORE,282.84,CANCELLED
ORD0417,CUST0106,2025-11-08,MOBILE,386.77,PLACED
ORD0418,CUST0141,2025-10-31,STORE,424.23,SHIPPED
ORD0419,CUST0058,2025-10-22,WEB,508.01,DELIVERED
ORD0420,CUST0455,2025-12-01,WEB,80.5,PLACED
ORD0421,CUST0210,2025-11-19,STORE,651.68,SHIPPED
ORD0422,CUST0276,2025-11-20,STORE,640.79,SHIPPED
ORD0423,CUST0350,2025-11-08,STORE,159.2,PLACED
ORD0424,CUST0113,2025-11-24,STORE,146.38,CANCELLED
ORD0425,CUST0428,2025-12-05,WEB,96.62,DELIVERED
ORD0426,CUST0278,2025-11-24,MOBILE,93.47,SHIPPED
ORD0427,CUST0164,2025-11-07,STORE,573.53,SHIPPED
ORD0428,CUST0109,2025-10-15,STORE,431.22,DELIVERED
ORD0429,CUST0311,2025-11-22,MOBILE,46.91,PLACED
ORD0430,CUST0035,2025-10-10,WEB,967.56,CANCELLED
ORD0431,CUST0074,2025-10-25,STORE,163.99,PLACED
ORD0432,CUST0031,2025-10-18,WEB,588.36,CANCELLED
ORD0433,CUST0337,2025-11-20,MOBILE,417.05,SHIPPED
ORD0434,CUST0360,2025-10-27,WEB,77.0,CANCELLED
ORD0435,CUST0328,2025-10-28,WEB,526.23,DELIVERED
ORD0436,CUST0191,2025-11-12,STORE,258.62,SHIPPED
ORD0437,CUST0312,2025-11-01,STORE,995.99,SHIPPED
ORD0438,CUST0107,2025-10-14,STORE,242.31,SHIPPED
ORD0439,CUST0444,2025-11-05,WEB,756.85,CANCELLED
ORD0440,CUST0493,2025-11-06,WEB,400.08,CANCELLED
ORD0441,CUST0227,2025-11-25,WEB,204.26,CANCELLED
ORD0442,CUST0256,2025-11-21,STORE,914.17,PLACED
ORD0443,CUST0055,2025-10-21,MOBILE,349.31,DELIVERED
ORD0444,CUST0154,2025-12-04,STORE,111.31,DELIVERED
ORD0445,CUST0065,2025-12-04,STORE,466.77,CANCELLED
ORD0446,CUST0191,2025-11-06,MOBILE,454.71,CANCELLED
ORD0447,CUST0010,2025-11-21,WEB,557.85,SHIPPED
ORD0448,CUST0052,2025-10-28,STORE,906.46,PLACED
ORD0449,CUST0298,2025-11-02,STORE,415.67,PLACED
ORD0450,CUST0263,2025-11-27,WEB,871.01,SHIPPED
ORD0451,CUST0490,2025-10-17,WEB,732.06,CANCELLED
ORD0452,CUST0449,2025-11-02,MOBILE,676.29,DELIVERED
ORD0453,CUST0051,2025-11-22,WEB,778.26,PLACED
ORD0454,CUST0415,2025-12-02,WEB,632.06,SHIPPED
ORD0455,CUST0293,2025-12-02,STORE,340.42,PLACED
ORD0456,CUST0348,2025-10-23,MOBILE,667.37,CANCELLED
ORD0457,CUST0174,2025-11-19,STORE,429.16,CANCELLED
ORD0458,CUST0084,2025-10-13,STORE,311.62,SHIPPED
ORD0459,CUST0190,2025-11-30,WEB,335.31,SHIPPED
ORD0460,CUST0062,2025-11-21,MOBILE,899.57,CANCELLED
ORD0461,CUST0176,2025-10-28,STORE,973.81,SHIPPED
ORD0462,CUST0458,2025-10-30,STORE,283.35,SHIPPED
ORD0463,CUST0081,2025-11-24,STORE,897.61,PLACED
ORD0464,CUST0320,2025-11-12,MOBILE,515.4,CANCELLED
ORD0465,CUST0145,2025-11-08,MOBILE,680.04,CANCELLED
ORD0466,CUST0397,2025-10-27,MOBILE,631.76,SHIPPED
ORD0467,CUST0124,2025-11-09,STORE,324.16,DELIVERED
ORD0468,CUST0221,2025-11-14,STORE,490.58,SHIPPED
ORD0469,CUST0396,2025-10-09,STORE,459.48,PLACED
ORD0470,CUST0086,2025-11-09,STORE,356.19,PLACED
ORD0471,CUST0243,2025-11-29,MOBILE,246.89,SHIPPED
ORD0472,CUST0235,2025-11-16,MOBILE,105.94,PLACED
ORD0473,CUST0371,2025-11-09,MOBILE,204.26,SHIPPED
ORD0474,CUST0267,2025-11-20,MOBILE,424.54,PLACED
ORD0475,CUST0235,2025-10-08,WEB,981.05,CANCELLED
ORD0476,CUST0462,2025-12-02,WEB,41.3,SHIPPED
ORD0477,CUST0047,2025-11-08,MOBILE,850.79,PLACED
ORD0478,CUST0254,2025-10-31,STORE,672.01,SHIPPED
ORD0479,CUST0312,2025-11-10,STORE,553.45,SHIPPED
ORD0480,CUST0065,2025-11-15,STORE,33.94,PLACED
ORD0481,CUST0312,2025-10-28,WEB,467.75,SHIPPED
ORD0482,CUST0015,2025-11-17,STORE,373.47,CANCELLED
ORD0483,CUST0372,2025-12-02,STORE,565.79,DELIVERED
ORD0484,CUST0387,2025-10-30,MOBILE,108.28,CANCELLED
ORD0485,CUST0325,2025-10-22,MOBILE,773.73,SHIPPED
ORD0486,CUST0228,2025-11-20,MOBILE,658.93,SHIPPED
ORD0487,CUST0107,2025-11-13,STORE,804.09,PLACED
ORD0488,CUST0459,2025-10-27,WEB,386.21,DELIVERED
ORD0489,CUST0277,2025-11-21,WEB,124.18,DELIVERED
ORD0490,CUST0177,2025-10-09,MOBILE,472.8,DELIVERED
ORD0491,CUST0487,2025-10-18,STORE,956.78,DELIVERED
ORD0492,CUST0187,2025-12-02,STORE,357.53,CANCELLED
ORD0493,CUST0285,2025-12-05,WEB,766.23,PLACED
ORD0494,CUST0327,2025-11-26,STORE,429.07,PLACED
ORD0495,CUST0216,2025-11-24,STORE,308.65,DELIVERED
ORD0496,CUST0269,2025-11-26,STORE,250.78,CANCELLED
ORD0497,CUST0305,2025-10-18,WEB,747.91,SHIPPED
ORD0498,CUST0323,2025-11-29,STORE,229.54,DELIVERED
ORD0499,CUST0011,2025-11-28,STORE,907.05,SHIPPED
ORD0500,CUST0098,2025-11-14,STORE,106.25,PLACED
ORD0501,CUST0447,2025-10-18,STORE,157.33,DELIVERED
ORD0502,CUST0222,2025-12-03,MOBILE,700.87,PLACED
ORD0503,CUST0458,2025-10-10,MOBILE,887.68,DELIVERED
ORD0504,CUST0364,2025-11-30,STORE,356.51,PLACED
ORD0505,CUST0436,2025-10-08,MOBILE,703.57,CANCELLED
ORD0506,CUST0152,2025-11-14,MOBILE,745.99,CANCELLED
ORD0507,CUST0037,2025-11-10,STORE,733.22,PLACED
ORD0508,CUST0489,2025-11-01,STORE,192.6,DELIVERED
ORD0509,CUST0394,2025-10-21,WEB,374.13,CANCELLED
ORD0510,CUST0202,2025-11-08,WEB,946.53,PLACED
ORD0511,CUST0207,2025-10-30,MOBILE,725.5,CANCELLED
ORD0512,CUST0063,2025-12-03,WEB,513.54,DELIVERED
ORD0513,CUST0421,2025-10-11,MOBILE,129.8,DELIVERED
ORD0514,CUST0041,2025-10-26,MOBILE,431.15,SHIPPED
ORD0515,CUST0438,2025-12-04,STORE,535.95,DELIVERED
ORD0516,CUST0143,2025-11-28,MOBILE,276.35,CANCELLED
ORD0517,CUST0371,2025-10-12,WEB,980.67,CANCELLED
ORD0518,CUST0412,2025-11-26,WEB,427.45,PLACED
ORD0519,CUST0336,2025-11-07,MOBILE,466.58,DELIVERED
ORD0520,CUST0306,2025-11-16,WEB,388.55,DELIVERED
ORD0521,CUST0151,2025-11-05,STORE,971.47,PLACED
ORD0522,CUST0378,2025-11-08,MOBILE,292.52,CANCELLED
ORD0523,CUST0105,2025-11-30,STORE,408.75,SHIPPED
ORD0524,CUST0469,2025-11-12,WEB,983.83,CANCELLED
ORD0525,CUST0298,2025-10-17,MOBILE,815.5,CANCELLED
ORD0526,CUST0231,2025-11-22,MOBILE,778.07,SHIPPED
ORD0527,CUST0182,2025-11-07,WEB,993.19,CANCELLED
ORD0528,CUST0283,2025-10-19,STORE,270.61,PLACED
ORD0529,CUST0162,2025-11-21,MOBILE,564.56,CANCELLED
ORD0530,CUST0450,2025-10-15,MOBILE,381.47,PLACED
ORD0531,CUST0462,2025-11-20,WEB,376.68,PLACED
ORD0532,CUST0178,2025-11-26,STORE,296.39,PLACED
ORD0533,CUST0197,2025-10-19,MOBILE,838.2,DELIVERED
ORD0534,CUST0449,2025-11-08,MOBILE,314.51,CANCELLED
ORD0535,CUST0079,2025-10-20,MOBILE,221.89,SHIPPED
ORD0536,CUST0455,2025-10-26,MOBILE,93.79,PLACED
ORD0537,CUST0282,2025-10-22,WEB,450.98,PLACED
ORD0538,CUST0083,2025-10-25,MOBILE,801.65,CANCELLED
ORD0539,CUST0045,2025-12-05,MOBILE,226.98,PLACED
ORD0540,CUST0285,2025-12-05,STORE,806.39,SHIPPED
ORD0541,CUST0346,2025-10-26,STORE,324.34,DELIVERED
ORD0542,CUST0490,2025-12-01,WEB,450.76,PLACED
ORD0543,CUST0162,2025-10-15,WEB,737.54,SHIPPED
ORD0544,CUST0083,2025-12-03,WEB,571.6,SHIPPED
ORD0545,CUST0150,2025-11-10,WEB,95.69,SHIPPED
ORD0546,CUST0119,2025-11-16,MOBILE,114.77,PLACED
ORD0547,CUST0062,2025-11-27,MOBILE,911.86,SHIPPED
ORD0548,CUST0287,2025-11-26,MOBILE,500.81,CANCELLED
ORD0549,CUST0370,2025-11-03,STORE,68.18,CANCELLED
ORD0550,CUST0076,2025-11-17,WEB,85.31,PLACED
ORD0551,CUST0129,2025-10-14,MOBILE,356.54,DELIVERED
ORD0552,CUST0162,2025-10-23,WEB,311.4,PLACED
ORD0553,CUST0424,2025-12-03,WEB,533.1,DELIVERED
ORD0554,CUST0330,2025-11-14,STORE,911.53,SHIPPED
ORD0555,CUST0315,2025-11-09,MOBILE,132.35,PLACED
ORD0556,CUST0493,2025-11-05,STORE,933.29,SHIPPED
ORD0557,CUST0258,2025-10-27,STORE,896.18,SHIPPED
ORD0558,CUST0469,2025-11-26,WEB,527.9,DELIVERED
ORD0559,CUST0486,2025-10-17,STORE,947.84,DELIVERED
ORD0560,CUST0438,2025-10-26,STORE,569.5,CANCELLED
ORD0561,CUST0366,2025-10-27,MOBILE,969.66,DELIVERED
ORD0562,CUST0172,2025-11-07,STORE,226.89,CANCELLED
ORD0563,CUST0266,2025-10-14,WEB,760.95,DELIVERED
ORD0564,CUST0121,2025-10-07,MOBILE,974.07,PLACED
ORD0565,CUST0479,2025-11-03,STORE,305.91,DELIVERED
ORD0566,CUST0449,2025-10-22,STORE,888.49,DELIVERED
ORD0567,CUST0240,2025-11-11,MOBILE,335.11,SHIPPED
ORD0568,CUST0316,2025-10-25,MOBILE,794.04,SHIPPED
ORD0569,CUST0191,2025-10-20,MOBILE,346.94,CANCELLED
ORD0570,CUST0199,2025-10-12,STORE,72.73,CANCELLED
ORD0571,CUST0269,2025-11-30,STORE,963.42,CANCELLED
ORD0572,CUST0021,2025-11-06,WEB,96.99,SHIPPED
ORD0573,CUST0211,2025-10-27,MOBILE,555.74,PLACED
ORD0574,CUST0070,2025-10-07,WEB,348.02,SHIPPED
ORD0575,CUST0009,2025-11-10,MOBILE,725.59,CANCELLED
ORD0576,CUST0206,2025-10-19,WEB,26.19,SHIPPED
ORD0577,CUST0405,2025-11-23,WEB,56.51,CANCELLED
ORD0578,CUST0368,2025-10-07,MOBILE,339.22,SHIPPED
ORD0579,CUST0028,2025-11-19,STORE,949.1,CANCELLED
ORD0580,CUST0422,2025-11-17,WEB,205.49,SHIPPED
ORD0581,CUST0129,2025-11-14,STORE,176.41,DELIVERED
ORD0582,CUST0380,2025-12-05,WEB,481.25,CANCELLED
ORD0583,CUST0156,2025-10-14,STORE,977.63,DELIVERED
ORD0584,CUST0056,2025-11-26,STORE,920.13,CANCELLED
ORD0585,CUST0100,2025-10-13,MOBILE,469.45,SHIPPED
ORD0586,CUST0001,2025-11-09,WEB,497.91,SHIPPED
ORD0587,CUST0210,2025-11-15,MOBILE,845.11,DELIVERED
ORD0588,CUST0381,2025-10-29,MOBILE,108.41,DELIVERED
ORD0589,CUST0060,2025-10-28,WEB,872.64,PLACED
ORD0590,CUST0345,2025-10-26,WEB,510.23,PLACED
ORD0591,CUST0164,2025-10-29,MOBILE,998.87,PLACED
ORD0592,CUST0221,2025-10-13,MOBILE,888.77,DELIVERED
ORD0593,CUST0102,2025-11-30,MOBILE,152.83,SHIPPED
ORD0594,CUST0025,2025-11-26,MOBILE,192.13,SHIPPED
ORD0595,CUST0371,2025-10-15,STORE,160.85,CANCELLED
ORD0596,CUST0493,2025-11-15,WEB,623.63,PLACED
ORD0597,CUST0151,2025-12-01,MOBILE,320.32,DELIVERED
ORD0598,CUST0084,2025-12-03,STORE,670.93,CANCELLED
ORD0599,CUST0272,2025-10-26,MOBILE,142.23,DELIVERED
ORD0600,CUST0252,2025-10-18,STORE,505.32,PLACED
ORD0601,CUST0242,2025-11-13,STORE,145.93,PLACED
ORD0602,CUST0057,2025-10-25,STORE,241.98,DELIVERED
ORD0603,CUST0204,2025-11-26,WEB,678.74,DELIVERED
ORD0604,CUST0402,2025-11-29,STORE,339.44,DELIVERED
ORD0605,CUST0172,2025-11-14,WEB,795.03,CANCELLED
ORD0606,CUST0027,2025-10-07,STORE,170.14,DELIVERED
ORD0607,CUST0291,2025-11-26,MOBILE,711.09,SHIPPED
ORD0608,CUST0383,2025-11-10,MOBILE,407.79,PLACED
ORD0609,CUST0308,2025-10-13,MOBILE,383.02,PLACED
ORD0610,CUST0168,2025-10-14,WEB,667.47,PLACED
ORD0611,CUST0134,2025-10-25,STORE,839.19,CANCELLED
ORD0612,CUST0398,2025-11-08,STORE,942.53,SHIPPED
ORD0613,CUST0295,2025-11-20,STORE,66.13,SHIPPED
ORD0614,CUST0082,2025-11-15,STORE,796.15,CANCELLED
ORD0615,CUST0220,2025-10-27,STORE,641.92,CANCELLED
ORD0616,CUST0005,2025-10-17,STORE,257.61,SHIPPED
ORD0617,CUST0138,2025-10-18,STORE,959.46,PLACED
ORD0618,CUST0419,2025-10-26,STORE,435.33,SHIPPED
ORD0619,CUST0299,2025-12-03,MOBILE,873.42,PLACED
ORD0620,CUST0255,2025-11-03,WEB,517.88,PLACED
ORD0621,CUST0256,2025-11-26,STORE,630.16,DELIVERED
ORD0622,CUST0318,2025-10-16,MOBILE,58.77,SHIPPED
ORD0623,CUST0366,2025-10-15,MOBILE,686.26,DELIVERED
ORD0624,CUST0066,2025-11-26,WEB,835.2,SHIPPED
ORD0625,CUST0431,2025-11-22,MOBILE,851.99,CANCELLED
ORD0626,CUST0391,2025-10-24,STORE,540.93,SHIPPED
ORD0627,CUST0473,2025-10-22,WEB,848.28,PLACED
ORD0628,CUST0208,2025-10-24,MOBILE,52.88,DELIVERED
ORD0629,CUST0207,2025-11-09,WEB,906.76,DELIVERED
ORD0630,CUST0266,2025-11-01,STORE,348.63,DELIVERED
ORD0631,CUST0055,2025-11-02,MOBILE,305.58,PLACED
ORD0632,CUST0488,2025-10-26,MOBILE,810.45,DELIVERED
ORD0633,CUST0069,2025-11-25,MOBILE,189.04,SHIPPED
ORD0634,CUST0315,2025-11-20,MOBILE,527.32,DELIVERED
ORD0635,CUST0409,2025-10-25,WEB,944.02,DELIVERED
ORD0636,CUST0385,2025-10-12,MOBILE,800.46,PLACED
ORD0637,CUST0047,2025-11-05,WEB,501.65,SHIPPED
ORD0638,CUST0453,2025-11-27,STORE,358.67,CANCELLED
ORD0639,CUST0401,2025-12-03,MOBILE,244.99,SHIPPED
ORD0640,CUST0002,2025-10-22,STORE,666.0,PLACED
ORD0641,CUST0211,2025-11-19,WEB,912.76,DELIVERED
ORD0642,CUST0314,2025-10-25,WEB,126.53,SHIPPED
ORD0643,CUST0176,2025-10-23,MOBILE,27.97,PLACED
ORD0644,CUST0311,2025-10-15,WEB,290.23,SHIPPED
ORD0645,CUST0486,2025-11-14,STORE,434.77,PLACED
ORD0646,CUST0170,2025-11-10,WEB,481.47,CANCELLED
ORD0647,CUST0306,2025-12-04,WEB,847.09,PLACED
ORD0648,CUST0048,2025-11-05,WEB,157.44,CANCELLED
ORD0649,CUST0036,2025-10-18,WEB,36.46,CANCELLED
ORD0650,CUST0469,2025-11-01,WEB,520.33,CANCELLED
ORD0651,CUST0115,2025-10-29,WEB,434.54,PLACED
ORD0652,CUST0151,2025-10-19,STORE,867.55,CANCELLED
ORD0653,CUST0279,2025-10-12,WEB,104.82,SHIPPED
ORD0654,CUST0067,2025-10-25,STORE,905.04,DELIVERED
ORD0655,CUST0206,2025-11-16,WEB,900.64,DELIVERED
ORD0656,CUST0293,2025-11-08,STORE,261.62,SHIPPED
ORD0657,CUST0173,2025-10-30,WEB,151.56,CANCELLED
ORD0658,CUST0216,2025-12-02,WEB,449.64,DELIVERED
ORD0659,CUST0035,2025-11-29,MOBILE,518.2,PLACED
ORD0660,CUST0417,2025-10-17,STORE,361.36,SHIPPED
ORD0661,CUST0300,2025-10-19,WEB,120.34,DELIVERED
ORD0662,CUST0187,2025-11-04,MOBILE,125.68,PLACED
ORD0663,CUST0465,2025-11-14,WEB,52.57,PLACED
ORD0664,CUST0168,2025-11-19,WEB,122.36,SHIPPED
ORD0665,CUST0387,2025-11-01,WEB,145.75,CANCELLED
ORD0666,CUST0169,2025-10-28,MOBILE,791.32,DELIVERED
ORD0667,CUST0246,2025-11-30,MOBILE,142.53,SHIPPED
ORD0668,CUST0147,2025-11-03,STORE,796.08,SHIPPED
ORD0669,CUST0144,2025-11-12,MOBILE,191.39,SHIPPED
ORD0670,CUST0331,2025-10-20,STORE,281.87,PLACED
ORD0671,CUST0015,2025-11-15,MOBILE,218.15,PLACED
ORD0672,CUST0125,2025-10-09,MOBILE,211.71,CANCELLED
ORD0673,CUST0324,2025-10-16,MOBILE,871.31,PLACED
ORD0674,CUST0202,2025-12-04,STORE,751.32,CANCELLED
ORD0675,CUST0235,2025-10-08,STORE,436.44,CANCELLED
ORD0676,CUST0273,2025-12-05,STORE,705.8,PLACED
ORD0677,CUST0094,2025-11-09,MOBILE,899.85,CANCELLED
ORD0678,CUST0293,2025-12-05,MOBILE,286.98,SHIPPED
ORD0679,CUST0365,2025-10-13,STORE,217.48,CANCELLED
ORD0680,CUST0228,2025-11-07,WEB,466.3,CANCELLED
ORD0681,CUST0430,2025-11-07,WEB,245.28,PLACED
ORD0682,CUST0276,2025-11-05,MOBILE,782.84,SHIPPED
ORD0683,CUST0293,2025-11-04,STORE,281.27,SHIPPED
ORD0684,CUST0055,2025-11-21,STORE,206.95,DELIVERED
ORD0685,CUST0408,2025-11-07,STORE,439.05,SHIPPED
ORD0686,CUST0315,2025-11-17,MOBILE,849.17,PLACED
ORD0687,CUST0468,2025-10-20,WEB,912.25,SHIPPED
ORD0688,CUST0130,2025-10-24,MOBILE,35.29,SHIPPED
ORD0689,CUST0165,2025-11-21,STORE,652.12,SHIPPED
ORD0690,CUST0170,2025-11-08,STORE,682.64,SHIPPED
ORD0691,CUST0389,2025-10-25,WEB,384.89,CANCELLED
ORD0692,CUST0133,2025-11-19,MOBILE,872.02,SHIPPED
ORD0693,CUST0494,2025-11-23,MOBILE,125.01,PLACED
ORD0694,CUST0086,2025-10-19,MOBILE,173.02,DELIVERED
ORD0695,CUST0326,2025-10-26,MOBILE,724.99,PLACED
ORD0696,CUST0265,2025-10-22,STORE,717.75,CANCELLED
ORD0697,CUST0141,2025-11-23,STORE,254.68,SHIPPED
ORD0698,CUST0404,2025-10-07,MOBILE,806.85,CANCELLED
ORD0699,CUST0358,2025-11-12,WEB,172.16,PLACED
ORD0700,CUST0184,2025-11-04,WEB,810.27,SHIPPED
ORD0701,CUST0431,2025-12-03,MOBILE,431.89,SHIPPED
ORD0702,CUST0026,2025-11-12,STORE,323.0,SHIPPED
ORD0703,CUST0015,2025-11-10,WEB,937.9,SHIPPED
ORD0704,CUST0022,2025-10-27,MOBILE,196.28,PLACED
ORD0705,CUST0181,2025-11-14,WEB,787.73,SHIPPED
ORD0706,CUST0350,2025-10-09,MOBILE,697.25,DELIVERED
ORD0707,CUST0447,2025-11-01,STORE,302.64,PLACED
ORD0708,CUST0499,2025-11-12,MOBILE,929.94,DELIVERED
ORD0709,CUST0275,2025-11-29,STORE,717.15,SHIPPED
ORD0710,CUST0336,2025-10-22,STORE,523.48,SHIPPED
ORD0711,CUST0356,2025-10-12,MOBILE,51.67,CANCELLED
ORD0712,CUST0373,2025-11-30,STORE,476.64,PLACED
ORD0713,CUST0457,2025-11-24,WEB,35.35,SHIPPED
ORD0714,CUST0301,2025-11-17,STORE,886.7,CANCELLED
ORD0715,CUST0289,2025-11-19,WEB,709.32,SHIPPED
ORD0716,CUST0297,2025-11-20,MOBILE,179.05,CANCELLED
ORD0717,CUST0093,2025-11-25,MOBILE,73.25,SHIPPED
ORD0718,CUST0336,2025-10-30,MOBILE,543.34,SHIPPED
ORD0719,CUST0421,2025-10-21,WEB,748.7,PLACED
ORD0720,CUST0467,2025-11-02,STORE,297.64,CANCELLED
ORD0721,CUST0169,2025-10-08,MOBILE,913.1,SHIPPED
ORD0722,CUST0092,2025-11-10,STORE,85.46,SHIPPED
ORD0723,CUST0460,2025-10-31,STORE,904.17,DELIVERED
ORD0724,CUST0158,2025-11-11,MOBILE,289.39,SHIPPED
ORD0725,CUST0291,2025-11-03,WEB,766.53,DELIVERED
ORD0726,CUST0453,2025-11-27,WEB,221.42,CANCELLED
ORD0727,CUST0295,2025-10-28,MOBILE,32.86,CANCELLED
ORD0728,CUST0092,2025-11-15,STORE,120.14,PLACED
ORD0729,CUST0336,2025-11-26,WEB,471.16,SHIPPED
ORD0730,CUST0369,2025-10-31,MOBILE,291.19,PLACED
ORD0731,CUST0253,2025-10-26,MOBILE,955.25,SHIPPED
ORD0732,CUST0228,2025-11-06,MOBILE,898.74,PLACED
ORD0733,CUST0301,2025-11-12,WEB,732.54,CANCELLED
ORD0734,CUST0284,2025-11-29,STORE,437.01,SHIPPED
ORD0735,CUST0197,2025-12-04,STORE,567.29,CANCELLED
ORD0736,CUST0012,2025-11-02,WEB,922.89,PLACED
ORD0737,CUST0297,2025-10-09,STORE,706.1,DELIVERED
ORD0738,CUST0234,2025-11-08,MOBILE,708.09,SHIPPED
ORD0739,CUST0021,2025-10-13,MOBILE,99.84,CANCELLED
ORD0740,CUST0353,2025-12-05,MOBILE,785.38,SHIPPED
ORD0741,CUST0293,2025-11-20,STORE,347.58,CANCELLED
ORD0742,CUST0044,2025-12-01,STORE,612.54,CANCELLED
ORD0743,CUST0343,2025-11-22,STORE,857.15,CANCELLED
ORD0744,CUST0415,2025-11-03,STORE,138.2,SHIPPED
ORD0745,CUST0067,2025-10-13,WEB,511.76,PLACED
ORD0746,CUST0130,2025-10-31,WEB,224.94,PLACED
ORD0747,CUST0080,2025-10-17,WEB,601.0,PLACED
ORD0748,CUST0094,2025-11-29,WEB,669.05,DELIVERED
ORD0749,CUST0237,2025-10-28,WEB,678.39,CANCELLED
ORD0750,CUST0336,2025-10-25,MOBILE,771.18,DELIVERED
ORD0751,CUST0472,2025-10-11,STORE,225.53,CANCELLED
ORD0752,CUST0367,2025-11-19,WEB,700.96,PLACED
ORD0753,CUST0454,2025-10-29,MOBILE,110.99,DELIVERED
ORD0754,CUST0323,2025-11-23,MOBILE,556.87,DELIVERED
ORD0755,CUST0288,2025-12-03,STORE,104.04,PLACED
ORD0756,CUST0499,2025-11-24,STORE,396.65,SHIPPED
ORD0757,CUST0347,2025-10-17,MOBILE,221.71,DELIVERED
ORD0758,CUST0005,2025-10-14,MOBILE,518.91,CANCELLED
ORD0759,CUST0029,2025-11-26,STORE,398.28,SHIPPED
ORD0760,CUST0165,2025-11-15,WEB,522.22,PLACED
ORD0761,CUST0214,2025-11-17,WEB,303.39,DELIVERED
ORD0762,CUST0304,2025-10-19,WEB,570.4,CANCELLED
ORD0763,CUST0314,2025-10-15,MOBILE,850.46,PLACED
ORD0764,CUST0075,2025-12-01,WEB,149.58,PLACED
ORD0765,CUST0064,2025-11-04,STORE,397.28,DELIVERED
ORD0766,CUST0170,2025-10-13,STORE,706.02,DELIVERED
ORD0767,CUST0486,2025-11-12,MOBILE,650.04,PLACED
ORD0768,CUST0078,2025-11-16,MOBILE,370.75,SHIPPED
ORD0769,CUST0051,2025-12-02,STORE,808.66,PLACED
ORD0770,CUST0213,2025-11-12,WEB,821.79,PLACED
ORD0771,CUST0054,2025-11-27,WEB,682.96,CANCELLED
ORD0772,CUST0482,2025-10-30,MOBILE,292.32,CANCELLED
ORD0773,CUST0198,2025-11-26,WEB,325.79,SHIPPED
ORD0774,CUST0379,2025-10-12,STORE,431.4,DELIVERED
ORD0775,CUST0412,2025-10-21,MOBILE,360.47,CANCELLED
ORD0776,CUST0224,2025-11-14,WEB,25.61,CANCELLED
ORD0777,CUST0312,2025-10-10,MOBILE,344.68,CANCELLED
ORD0778,CUST0388,2025-10-20,WEB,991.88,PLACED
ORD0779,CUST0141,2025-11-29,WEB,654.04,CANCELLED
ORD0780,CUST0063,2025-10-30,MOBILE,203.59,CANCELLED
ORD0781,CUST0336,2025-10-11,MOBILE,291.08,CANCELLED
ORD0782,CUST0089,2025-11-05,STORE,301.0,SHIPPED
ORD0783,CUST0280,2025-11-03,MOBILE,176.42,DELIVERED
ORD0784,CUST0492,2025-10-27,MOBILE,408.59,CANCELLED
ORD0785,CUST0174,2025-11-09,STORE,756.8,PLACED
ORD0786,CUST0181,2025-10-13,MOBILE,531.28,PLACED
ORD0787,CUST0145,2025-10-23,WEB,646.3,DELIVERED
ORD0788,CUST0085,2025-10-14,STORE,791.61,DELIVERED
ORD0789,CUST0471,2025-10-26,WEB,319.5,PLACED
ORD0790,CUST0297,2025-10-15,WEB,873.89,CANCELLED
ORD0791,CUST0033,2025-11-14,MOBILE,395.49,CANCELLED
ORD0792,CUST0222,2025-10-17,STORE,796.89,SHIPPED
ORD0793,CUST0269,2025-10-26,MOBILE,551.78,CANCELLED
ORD0794,CUST0232,2025-11-08,STORE,171.07,SHIPPED
ORD0795,CUST0380,2025-10-25,STORE,842.62,CANCELLED
ORD0796,CUST0189,2025-11-24,MOBILE,363.86,PLACED
ORD0797,CUST0499,2025-11-28,STORE,732.56,PLACED
ORD0798,CUST0488,2025-11-16,STORE,295.1,SHIPPED
ORD0799,CUST0424,2025-10-18,MOBILE,132.02,PLACED
ORD0800,CUST0125,2025-10-14,WEB,658.65,DELIVERED
ORD0801,CUST0329,2025-11-21,WEB,759.84,SHIPPED
ORD0802,CUST0071,2025-11-10,WEB,603.46,PLACED
ORD0803,CUST0275,2025-12-03,STORE,440.84,PLACED
ORD0804,CUST0459,2025-10-19,WEB,782.77,DELIVERED
ORD0805,CUST0334,2025-10-31,WEB,936.75,CANCELLED
ORD0806,CUST0475,2025-11-26,STORE,407.42,SHIPPED
ORD0807,CUST0244,2025-10-07,MOBILE,736.83,DELIVERED
ORD0808,CUST0245,2025-11-30,WEB,270.37,CANCELLED
ORD0809,CUST0349,2025-10-19,WEB,150.61,SHIPPED
ORD0810,CUST0274,2025-12-03,MOBILE,924.83,SHIPPED
ORD0811,CUST0420,2025-11-22,STORE,665.96,PLACED
ORD0812,CUST0177,2025-10-21,WEB,421.94,CANCELLED
ORD0813,CUST0313,2025-10-24,MOBILE,128.2,PLACED
ORD0814,CUST0078,2025-12-05,MOBILE,828.96,SHIPPED
ORD0815,CUST0146,2025-11-15,MOBILE,708.47,CANCELLED
ORD0816,CUST0091,2025-11-26,STORE,265.93,DELIVERED
ORD0817,CUST0063,2025-11-08,STORE,804.01,PLACED
ORD0818,CUST0373,2025-10-23,WEB,839.43,CANCELLED
ORD0819,CUST0286,2025-11-04,MOBILE,274.06,SHIPPED
ORD0820,CUST0292,2025-10-26,WEB,455.91,DELIVERED
ORD0821,CUST0272,2025-12-02,STORE,143.96,DELIVERED
ORD0822,CUST0040,2025-10-22,MOBILE,807.02,CANCELLED
ORD0823,CUST0018,2025-10-28,STORE,811.44,DELIVERED
ORD0824,CUST0129,2025-10-30,WEB,461.94,PLACED
ORD0825,CUST0371,2025-10-16,MOBILE,625.16,PLACED
ORD0826,CUST0370,2025-12-01,STORE,818.83,DELIVERED
ORD0827,CUST0461,2025-11-18,MOBILE,580.06,CANCELLED
ORD0828,CUST0468,2025-12-05,WEB,359.0,PLACED
ORD0829,CUST0027,2025-12-03,WEB,129.65,CANCELLED
ORD0830,CUST0206,2025-11-09,MOBILE,41.64,CANCELLED
ORD0831,CUST0348,2025-11-02,WEB,465.74,SHIPPED
ORD0832,CUST0084,2025-11-30,WEB,946.77,PLACED
ORD0833,CUST0215,2025-11-12,WEB,450.91,SHIPPED
ORD0834,CUST0421,2025-10-22,STORE,396.43,DELIVERED
ORD0835,CUST0200,2025-11-22,STORE,863.23,DELIVERED
ORD0836,CUST0304,2025-10-10,WEB,661.07,PLACED
ORD0837,CUST0181,2025-10-18,WEB,814.84,PLACED
ORD0838,CUST0055,2025-10-13,WEB,482.17,PLACED
ORD0839,CUST0006,2025-11-11,WEB,113.76,PLACED
ORD0840,CUST0283,2025-11-06,MOBILE,69.18,DELIVERED
ORD0841,CUST0072,2025-10-08,STORE,179.42,PLACED
ORD0842,CUST0243,2025-11-23,WEB,785.21,PLACED
ORD0843,CUST0119,2025-10-19,MOBILE,21.9,SHIPPED
ORD0844,CUST0074,2025-10-23,MOBILE,177.37,DELIVERED
ORD0845,CUST0169,2025-11-11,MOBILE,157.21,SHIPPED
ORD0846,CUST0462,2025-10-27,MOBILE,796.92,DELIVERED
ORD0847,CUST0487,2025-10-21,MOBILE,142.95,SHIPPED
ORD0848,CUST0252,2025-10-22,WEB,36.99,PLACED
ORD0849,CUST0304,2025-10-17,MOBILE,442.55,PLACED
ORD0850,CUST0464,2025-12-05,STORE,484.48,SHIPPED
ORD0851,CUST0161,2025-11-17,STORE,711.12,DELIVERED
ORD0852,CUST0063,2025-11-04,WEB,602.33,CANCELLED
ORD0853,CUST0464,2025-11-03,WEB,312.74,PLACED
ORD0854,CUST0299,2025-11-28,WEB,809.89,DELIVERED
ORD0855,CUST0179,2025-10-20,MOBILE,222.2,CANCELLED
ORD0856,CUST0289,2025-11-22,WEB,704.4,SHIPPED
ORD0857,CUST0205,2025-10-17,STORE,168.74,SHIPPED
ORD0858,CUST0108,2025-11-15,MOBILE,184.37,CANCELLED
ORD0859,CUST0159,2025-10-07,STORE,164.03,CANCELLED
ORD0860,CUST0332,2025-11-15,MOBILE,290.4,SHIPPED
ORD0861,CUST0229,2025-11-25,MOBILE,844.73,SHIPPED
ORD0862,CUST0344,2025-11-20,STORE,898.33,SHIPPED
ORD0863,CUST0122,2025-11-19,WEB,300.7,DELIVERED
ORD0864,CUST0079,2025-11-12,STORE,41.71,SHIPPED
ORD0865,CUST0206,2025-11-12,STORE,344.77,DELIVERED
ORD0866,CUST0050,2025-11-23,STORE,536.11,CANCELLED
ORD0867,CUST0223,2025-10-09,STORE,845.09,DELIVERED
ORD0868,CUST0054,2025-11-29,MOBILE,797.66,SHIPPED
ORD0869,CUST0311,2025-11-01,MOBILE,85.91,DELIVERED
ORD0870,CUST0177,2025-10-17,WEB,471.74,DELIVERED
ORD0871,CUST0308,2025-10-10,MOBILE,699.55,CANCELLED
ORD0872,CUST0462,2025-10-10,WEB,367.98,PLACED
ORD0873,CUST0064,2025-10-30,STORE,644.16,DELIVERED
ORD0874,CUST0249,2025-10-30,STORE,638.44,SHIPPED
ORD0875,CUST0389,2025-11-21,WEB,832.97,SHIPPED
ORD0876,CUST0244,2025-10-23,STORE,888.45,CANCELLED
ORD0877,CUST0478,2025-11-14,MOBILE,491.82,DELIVERED
ORD0878,CUST0304,2025-11-25,MOBILE,687.52,PLACED
ORD0879,CUST0415,2025-11-20,WEB,618.22,SHIPPED
ORD0880,CUST0152,2025-11-02,STORE,340.87,CANCELLED
ORD0881,CUST0293,2025-11-01,STORE,246.95,DELIVERED
ORD0882,CUST0153,2025-10-28,WEB,178.82,SHIPPED
ORD0883,CUST0121,2025-11-12,MOBILE,933.66,SHIPPED
ORD0884,CUST0495,2025-12-04,MOBILE,739.06,SHIPPED
ORD0885,CUST0218,2025-10-16,MOBILE,541.57,SHIPPED
ORD0886,CUST0331,2025-10-30,WEB,102.23,CANCELLED
ORD0887,CUST0337,2025-11-14,STORE,130.63,PLACED
ORD0888,CUST0123,2025-10-30,STORE,746.59,DELIVERED
ORD0889,CUST0178,2025-10-13,MOBILE,298.78,CANCELLED
ORD0890,CUST0151,2025-10-18,WEB,134.29,SHIPPED
ORD0891,CUST0024,2025-10-16,STORE,442.14,SHIPPED
ORD0892,CUST0478,2025-10-10,STORE,729.61,CANCELLED
ORD0893,CUST0034,2025-11-26,MOBILE,644.26,PLACED
ORD0894,CUST0326,2025-10-30,STORE,563.82,DELIVERED
ORD0895,CUST0266,2025-11-07,MOBILE,68.7,SHIPPED
ORD0896,CUST0349,2025-10-15,WEB,181.48,DELIVERED
ORD0897,CUST0365,2025-12-05,WEB,568.09,DELIVERED
ORD0898,CUST0149,2025-11-01,MOBILE,907.11,PLACED
ORD0899,CUST0461,2025-11-21,STORE,866.78,CANCELLED
ORD0900,CUST0394,2025-10-16,MOBILE,204.9,CANCELLED
ORD0901,CUST0047,2025-11-14,WEB,764.31,DELIVERED
ORD0902,CUST0066,2025-10-31,MOBILE,58.93,PLACED
ORD0903,CUST0304,2025-12-03,WEB,28.62,PLACED
ORD0904,CUST0072,2025-11-06,STORE,990.42,CANCELLED
ORD0905,CUST0355,2025-11-28,STORE,39.83,DELIVERED
ORD0906,CUST0280,2025-11-13,WEB,344.88,DELIVERED
ORD0907,CUST0494,2025-11-18,STORE,972.58,DELIVERED
ORD0908,CUST0055,2025-12-05,WEB,689.51,SHIPPED
ORD0909,CUST0486,2025-12-03,WEB,133.53,SHIPPED
ORD0910,CUST0109,2025-11-01,WEB,280.6,PLACED
ORD0911,CUST0131,2025-11-08,MOBILE,398.15,CANCELLED
ORD0912,CUST0352,2025-11-19,WEB,328.8,DELIVERED
ORD0913,CUST0340,2025-10-20,MOBILE,95.51,PLACED
ORD0914,CUST0102,2025-10-13,WEB,734.09,DELIVERED
ORD0915,CUST0334,2025-11-28,WEB,883.84,SHIPPED
ORD0916,CUST0100,2025-11-25,MOBILE,404.14,CANCELLED
ORD0917,CUST0033,2025-10-29,STORE,612.16,SHIPPED
ORD0918,CUST0186,2025-11-15,WEB,429.18,PLACED
ORD0919,CUST0098,2025-10-30,WEB,999.85,PLACED
ORD0920,CUST0124,2025-12-04,STORE,427.1,SHIPPED
ORD0921,CUST0460,2025-11-13,WEB,92.58,PLACED
ORD0922,CUST0124,2025-11-10,MOBILE,78.87,PLACED
ORD0923,CUST0199,2025-10-27,STORE,424.25,PLACED
ORD0924,CUST0256,2025-11-11,STORE,119.66,DELIVERED
ORD0925,CUST0416,2025-11-20,WEB,476.2,PLACED
ORD0926,CUST0487,2025-10-22,WEB,500.54,CANCELLED
ORD0927,CUST0314,2025-10-24,STORE,997.29,DELIVERED
ORD0928,CUST0158,2025-10-30,STORE,681.8,SHIPPED
ORD0929,CUST0097,2025-11-21,MOBILE,176.8,PLACED
ORD0930,CUST0104,2025-11-25,MOBILE,451.15,DELIVERED
ORD0931,CUST0414,2025-10-16,STORE,205.82,DELIVERED
ORD0932,CUST0082,2025-10-25,STORE,29.77,CANCELLED
ORD0933,CUST0094,2025-10-20,MOBILE,959.33,SHIPPED
ORD0934,CUST0222,2025-11-24,WEB,570.3,PLACED
ORD0935,CUST0392,2025-10-14,MOBILE,927.63,DELIVERED
ORD0936,CUST0475,2025-10-28,WEB,118.34,PLACED
ORD0937,CUST0181,2025-11-18,STORE,35.84,SHIPPED
ORD0938,CUST0218,2025-11-09,WEB,138.37,PLACED
ORD0939,CUST0253,2025-11-02,WEB,825.04,SHIPPED
ORD0940,CUST0334,2025-11-21,MOBILE,737.97,DELIVERED
ORD0941,CUST0018,2025-10-30,MOBILE,942.96,CANCELLED
ORD0942,CUST0477,2025-11-16,MOBILE,457.83,PLACED
ORD0943,CUST0435,2025-12-04,WEB,564.14,CANCELLED
ORD0944,CUST0099,2025-11-09,STORE,900.25,CANCELLED
ORD0945,CUST0362,2025-10-23,WEB,462.55,CANCELLED
ORD0946,CUST0354,2025-11-18,STORE,146.77,CANCELLED
ORD0947,CUST0224,2025-11-28,WEB,114.26,SHIPPED
ORD0948,CUST0219,2025-11-05,MOBILE,834.67,CANCELLED
ORD0949,CUST0221,2025-11-19,STORE,510.09,CANCELLED
ORD0950,CUST0090,2025-11-15,WEB,713.98,DELIVERED
ORD0951,CUST0280,2025-11-19,MOBILE,507.82,CANCELLED
ORD0952,CUST0271,2025-12-03,STORE,332.59,DELIVERED
ORD0953,CUST0056,2025-11-07,STORE,594.6,DELIVERED
ORD0954,CUST0289,2025-10-29,MOBILE,987.53,CANCELLED
ORD0955,CUST0025,2025-10-23,STORE,833.44,SHIPPED
ORD0956,CUST0001,2025-11-04,STORE,892.77,PLACED
ORD0957,CUST0498,2025-11-23,MOBILE,665.46,SHIPPED
ORD0958,CUST0209,2025-11-26,STORE,430.0,DELIVERED
ORD0959,CUST0322,2025-10-26,MOBILE,936.43,SHIPPED
ORD0960,CUST0182,2025-10-23,MOBILE,640.83,PLACED
ORD0961,CUST0286,2025-11-25,WEB,160.11,PLACED
ORD0962,CUST0117,2025-11-22,STORE,408.13,DELIVERED
ORD0963,CUST0020,2025-11-14,STORE,209.14,DELIVERED
ORD0964,CUST0446,2025-10-23,MOBILE,661.87,PLACED
ORD0965,CUST0011,2025-10-09,STORE,347.96,SHIPPED
ORD0966,CUST0281,2025-11-23,STORE,794.54,SHIPPED
ORD0967,CUST0468,2025-11-05,WEB,678.3,PLACED
ORD0968,CUST0472,2025-11-16,STORE,118.5,DELIVERED
ORD0969,CUST0496,2025-11-28,MOBILE,961.27,PLACED
ORD0970,CUST0225,2025-10-17,MOBILE,92.01,PLACED
ORD0971,CUST0380,2025-10-17,WEB,55.68,PLACED
ORD0972,CUST0177,2025-11-09,MOBILE,695.32,PLACED
ORD0973,CUST0060,2025-12-01,STORE,855.04,CANCELLED
ORD0974,CUST0324,2025-10-29,MOBILE,223.89,CANCELLED
ORD0975,CUST0257,2025-11-01,WEB,279.23,PLACED
ORD0976,CUST0441,2025-11-17,MOBILE,666.19,DELIVERED
ORD0977,CUST0476,2025-11-03,MOBILE,328.79,DELIVERED
ORD0978,CUST0462,2025-11-08,STORE,725.18,SHIPPED
ORD0979,CUST0050,2025-11-19,WEB,170.31,SHIPPED
ORD0980,CUST0364,2025-11-22,WEB,52.19,PLACED
ORD0981,CUST0037,2025-10-22,MOBILE,153.14,DELIVERED
ORD0982,CUST0007,2025-11-14,STORE,952.03,PLACED
ORD0983,CUST0228,2025-11-06,MOBILE,782.33,CANCELLED
ORD0984,CUST0111,2025-10-28,STORE,304.97,PLACED
ORD0985,CUST0368,2025-10-19,WEB,931.21,PLACED
ORD0986,CUST0222,2025-11-05,MOBILE,72.32,DELIVERED
ORD0987,CUST0321,2025-11-01,MOBILE,130.74,DELIVERED
ORD0988,CUST0068,2025-11-25,MOBILE,333.41,CANCELLED
ORD0989,CUST0359,2025-11-27,MOBILE,965.92,DELIVERED
ORD0990,CUST0235,2025-11-08,WEB,21.62,DELIVERED
ORD0991,CUST0245,2025-11-22,WEB,834.52,DELIVERED
ORD0992,CUST0084,2025-10-16,WEB,124.98,SHIPPED
ORD0993,CUST0028,2025-12-04,MOBILE,394.45,SHIPPED
ORD0994,CUST0225,2025-11-10,WEB,860.63,SHIPPED
ORD0995,CUST0046,2025-11-30,WEB,829.36,PLACED
ORD0996,CUST0433,2025-12-04,WEB,610.2,CANCELLED
ORD0997,CUST0134,2025-10-22,MOBILE,276.8,PLACED
ORD0998,CUST0332,2025-10-24,WEB,919.75,CANCELLED
ORD0999,CUST0444,2025-11-09,MOBILE,920.64,CANCELLED
ORD1000,CUST0079,2025-11-29,MOBILE,704.28,SHIPPED
