payment_id,order_id,payment_date,payment_method,payment_status,payment_amount
PAY0001,ORD0001,2025-11-24,UPI,FAILED,546.67
PAY0002,ORD0002,2025-11-28,CASH,SUCCESS,815.52
PAY0003,ORD0003,2025-11-23,CASH,PENDING,320.41
PAY0004,ORD0004,2025-12-04,CASH,PENDING,52.67
PAY0005,ORD0005,2025-12-04,CARD,FAILED,749.17
PAY0006,ORD0006,2025-10-18,PAYPAL,PENDING,864.31
PAY0007,ORD0007,2025-11-30,CASH,PENDING,921.17
PAY0008,ORD0008,2025-11-07,UPI,PENDING,228.34
PAY0009,ORD0009,2025-11-08,PAYPAL,FAILED,52.03
PAY0010,ORD0010,2025-11-16,PAYPAL,FAILED,361.33
PAY0011,ORD0011,2025-10-23,CARD,PENDING,938.81
PAY0012,ORD0012,2025-10-20,PAYPAL,FAILED,0.0
PAY0013,ORD0013,2025-11-13,UPI,SUCCESS,671.68
PAY0014,ORD0014,2025-11-24,CASH,SUCCESS,46.4
PAY0015,ORD0015,2025-10-10,CARD,FAILED,728.32
PAY0016,ORD0016,2025-12-05,CARD,SUCCESS,826.77
PAY0017,ORD0017,2025-10-14,CASH,PENDING,959.71
PAY0018,ORD0018,2025-10-27,PAYPAL,SUCCESS,198.35
PAY0019,ORD0019,2025-11-19,PAYPAL,FAILED,639.84
PAY0020,ORD0020,2025-10-29,CASH,SUCCESS,0.0
PAY0021,ORD0021,2025-11-21,CARD,SUCCESS,48.27
PAY0022,ORD0022,2025-11-10,CASH,SUCCESS,613.97
PAY0023,ORD0023,2025-11-01,PAYPAL,SUCCESS,936.53
PAY0024,ORD0024,2025-11-05,UPI,PENDING,247.61
PAY0025,ORD0025,2025-10-09,CARD,FAILED,0.0
PAY0026,ORD0026,2025-11-02,CASH,SUCCESS,221.62
PAY0027,ORD0027,2025-12-05,PAYPAL,FAILED,312.48
PAY0028,ORD0028,2025-11-15,CASH,SUCCESS,723.22
PAY0029,ORD0029,2025-11-23,PAYPAL,PENDING,522.88
PAY0030,ORD0030,2025-10-19,PAYPAL,PENDING,442.32
PAY0031,ORD0031,2025-11-23,UPI,SUCCESS,967.21
PAY0032,ORD0032,2025-11-06,CARD,FAILED,144.13
PAY0033,ORD0033,2025-10-15,PAYPAL,FAILED,204.51
PAY0034,ORD0034,2025-11-27,CARD,PENDING,836.03
PAY0035,ORD0035,2025-11-08,PAYPAL,PENDING,280.39
PAY0036,ORD0036,2025-10-29,CASH,PENDING,991.48
PAY0037,ORD0037,2025-10-09,CARD,FAILED,420.6
PAY0038,ORD0038,2025-10-22,PAYPAL,FAILED,774.72
PAY0039,ORD0039,2025-11-01,PAYPAL,PENDING,228.07
PAY0040,ORD0040,2025-11-13,UPI,FAILED,296.16
PAY0041,ORD0041,2025-10-08,PAYPAL,SUCCESS,564.01
PAY0042,ORD0042,2025-11-05,UPI,SUCCESS,528.39
PAY0043,ORD0043,2025-11-10,UPI,PENDING,742.63
PAY0044,ORD0044,2025-11-23,CARD,FAILED,655.65
PAY0045,ORD0045,2025-10-29,UPI,SUCCESS,656.27
PAY0046,ORD0046,2025-11-09,UPI,SUCCESS,897.02
PAY0047,ORD0047,2025-12-01,PAYPAL,PENDING,872.21
PAY0048,ORD0048,2025-11-14,CARD,FAILED,530.23
PAY0049,ORD0049,2025-12-02,UPI,FAILED,324.59
PAY0050,ORD0050,2025-11-13,CARD,PENDING,357.85
PAY0051,ORD0051,2025-10-14,PAYPAL,SUCCESS,922.24
PAY0052,ORD0052,2025-10-14,UPI,FAILED,715.75
PAY0053,ORD0053,2025-11-07,UPI,PENDING,932.74
PAY0054,ORD0054,2025-10-10,UPI,SUCCESS,400.19
PAY0055,ORD0055,2025-11-21,CASH,SUCCESS,563.43
PAY0056,ORD0056,2025-11-05,CASH,SUCCESS,542.84
PAY0057,ORD0057,2025-11-17,CARD,SUCCESS,52.26
PAY0058,ORD0058,2025-10-22,PAYPAL,SUCCESS,602.06
PAY0059,ORD0059,2025-11-05,UPI,PENDING,0.0
PAY0060,ORD0060,2025-10-24,UPI,FAILED,372.23
PAY0061,ORD0061,2025-12-03,PAYPAL,PENDING,0.0
PAY0062,ORD0062,2025-10-20,PAYPAL,SUCCESS,854.86
PAY0063,ORD0063,2025-11-11,CARD,SUCCESS,322.95
PAY0064,ORD0064,2025-11-03,UPI,PENDING,328.78
PAY0065,ORD0065,2025-11-02,CARD,SUCCESS,0.0
PAY0066,ORD0066,2025-12-04,PAYPAL,FAILED,530.71
PAY0067,ORD0067,2025-11-10,CARD,SUCCESS,189.49
PAY0068,ORD0068,2025-10-08,CARD,SUCCESS,84.8
PAY0069,ORD0069,2025-10-09,UPI,FAILED,785.46
PAY0070,ORD0070,2025-11-16,UPI,FAILED,129.0
PAY0071,ORD0071,2025-10-18,CASH,FAILED,359.29
PAY0072,ORD0072,2025-11-29,PAYPAL,SUCCESS,358.44
PAY0073,ORD0073,2025-11-11,CASH,SUCCESS,216.47
PAY0074,ORD0074,2025-11-04,CASH,SUCCESS,669.95
PAY0075,ORD0075,2025-10-17,PAYPAL,SUCCESS,670.72
PAY0076,ORD0076,2025-11-05,PAYPAL,PENDING,142.88
PAY0077,ORD0077,2025-11-01,CARD,FAILED,638.73
PAY0078,ORD0078,2025-10-20,PAYPAL,FAILED,241.76
PAY0079,ORD0079,2025-10-22,UPI,PENDING,0.0
PAY0080,ORD0080,2025-11-21,CARD,FAILED,322.58
PAY0081,ORD0081,2025-10-30,CASH,SUCCESS,551.07
PAY0082,ORD0082,2025-12-01,CASH,PENDING,643.28
PAY0083,ORD0083,2025-11-15,UPI,FAILED,649.11
PAY0084,ORD0084,2025-10-21,CARD,PENDING,0.0
PAY0085,ORD0085,2025-11-04,PAYPAL,SUCCESS,883.05
PAY0086,ORD0086,2025-10-20,UPI,FAILED,659.56
PAY0087,ORD0087,2025-11-10,PAYPAL,PENDING,0.0
PAY0088,ORD0088,2025-11-14,PAYPAL,FAILED,750.23
PAY0089,ORD0089,2025-11-15,UPI,FAILED,644.57
PAY0090,ORD0090,2025-10-17,CARD,SUCCESS,252.38
PAY0091,ORD0091,2025-10-10,UPI,SUCCESS,557.24
PAY0092,ORD0092,2025-10-17,UPI,SUCCESS,505.37
PAY0093,ORD0093,2025-11-15,PAYPAL,PENDING,132.84
PAY0094,ORD0094,2025-10-16,UPI,SUCCESS,225.62
PAY0095,ORD0095,2025-10-24,CARD,PENDING,907.07
PAY0096,ORD0096,2025-11-30,UPI,PENDING,0.0
PAY0097,ORD0097,2025-10-19,CASH,PENDING,739.41
PAY0098,ORD0098,2025-11-16,CASH,FAILED,105.76
PAY0099,ORD0099,2025-11-29,CARD,SUCCESS,261.21
PAY0100,ORD0100,2025-11-15,CASH,FAILED,977.46
PAY0101,ORD0101,2025-10-11,CARD,SUCCESS,862.68
PAY0102,ORD0102,2025-10-21,PAYPAL,PENDING,787.41
PAY0103,ORD0103,2025-10-23,PAYPAL,PENDING,561.93
PAY0104,ORD0104,2025-11-14,PAYPAL,FAILED,48.13
PAY0105,ORD0105,2025-10-09,UPI,PENDING,842.97
PAY0106,ORD0106,2025-11-07,CASH,FAILED,601.95
PAY0107,ORD0107,2025-10-24,CASH,PENDING,0.0
PAY0108,ORD0108,2025-11-01,PAYPAL,FAILED,247.69
PAY0109,ORD0109,2025-11-18,UPI,FAILED,248.27
PAY0110,ORD0110,2025-12-04,CASH,PENDING,553.28
PAY0111,ORD0111,2025-10-23,UPI,SUCCESS,154.64
PAY0112,ORD0112,2025-11-22,UPI,SUCCESS,78.33
PAY0113,ORD0113,2025-12-02,CASH,SUCCESS,154.83
PAY0114,ORD0114,2025-10-27,CASH,PENDING,860.88
PAY0115,ORD0115,2025-10-11,CASH,PENDING,329.97
PAY0116,ORD0116,2025-11-26,UPI,FAILED,895.28
PAY0117,ORD0117,2025-11-26,PAYPAL,FAILED,888.99
PAY0118,ORD0118,2025-11-22,PAYPAL,FAILED,305.18
PAY0119,ORD0119,2025-11-06,CARD,SUCCESS,151.51
PAY0120,ORD0120,2025-10-17,PAYPAL,SUCCESS,365.21
PAY0121,ORD0121,2025-11-11,CASH,PENDING,593.48
PAY0122,ORD0122,2025-12-05,PAYPAL,SUCCESS,976.88
PAY0123,ORD0123,2025-10-24,CASH,PENDING,354.51
PAY0124,ORD0124,2025-11-04,CARD,FAILED,644.44
PAY0125,ORD0125,2025-10-20,CARD,PENDING,636.92
PAY0126,ORD0126,2025-10-29,PAYPAL,SUCCESS,941.42
PAY0127,ORD0127,2025-11-24,PAYPAL,FAILED,240.49
PAY0128,ORD0128,2025-11-18,CASH,FAILED,0.0
PAY0129,ORD0129,2025-11-09,PAYPAL,FAILED,94.89
PAY0130,ORD0130,2025-12-02,PAYPAL,FAILED,817.24
PAY0131,ORD0131,2025-10-25,CARD,SUCCESS,0.0
PAY0132,ORD0132,2025-11-26,CASH,PENDING,571.21
PAY0133,ORD0133,2025-10-14,CARD,FAILED,33.82
PAY0134,ORD0134,2025-10-15,UPI,SUCCESS,964.21
PAY0135,ORD0135,2025-10-23,CARD,PENDING,325.2
PAY0136,ORD0136,2025-11-07,UPI,PENDING,410.01
PAY0137,ORD0137,2025-10-24,PAYPAL,FAILED,152.95
PAY0138,ORD0138,2025-11-11,PAYPAL,PENDING,490.79
PAY0139,ORD0139,2025-11-29,PAYPAL,PENDING,923.86
PAY0140,ORD0140,2025-10-17,CASH,PENDING,170.78
PAY0141,ORD0141,2025-10-15,CASH,PENDING,966.81
PAY0142,ORD0142,2025-11-25,PAYPAL,FAILED,87.17
PAY0143,ORD0143,2025-11-01,CASH,SUCCESS,920.91
PAY0144,ORD0144,2025-10-23,CARD,FAILED,149.62
PAY0145,ORD0145,2025-11-13,PAYPAL,FAILED,59.08
PAY0146,ORD0146,2025-11-18,PAYPAL,FAILED,0.0
PAY0147,ORD0147,2025-11-08,UPI,PENDING,538.88
PAY0148,ORD0148,2025-11-26,CASH,PENDING,541.31
PAY0149,ORD0149,2025-11-12,PAYPAL,SUCCESS,125.85
PAY0150,ORD0150,2025-11-08,UPI,SUCCESS,45.77
PAY0151,ORD0151,2025-10-22,UPI,SUCCESS,392.14
PAY0152,ORD0152,2025-10-22,CARD,FAILED,0.0
PAY0153,ORD0153,2025-11-08,CASH,FAILED,687.84
PAY0154,ORD0154,2025-12-02,CASH,SUCCESS,0.0
PAY0155,ORD0155,2025-11-25,CASH,FAILED,758.47
PAY0156,ORD0156,2025-10-12,CARD,PENDING,785.16
PAY0157,ORD0157,2025-12-03,UPI,PENDING,984.76
PAY0158,ORD0158,2025-11-15,CARD,SUCCESS,754.97
PAY0159,ORD0159,2025-10-20,UPI,SUCCESS,431.79
PAY0160,ORD0160,2025-11-21,CARD,PENDING,167.44
PAY0161,ORD0161,2025-10-29,CARD,PENDING,0.0
PAY0162,ORD0162,2025-11-23,CASH,FAILED,296.75
PAY0163,ORD0163,2025-11-21,UPI,SUCCESS,218.89
PAY0164,ORD0164,2025-11-19,UPI,PENDING,340.08
PAY0165,ORD0165,2025-11-01,CASH,SUCCESS,580.2
PAY0166,ORD0166,2025-11-03,UPI,SUCCESS,221.5
PAY0167,ORD0167,2025-11-20,CARD,SUCCESS,126.51
PAY0168,ORD0168,2025-11-30,CARD,FAILED,502.03
PAY0169,ORD0169,2025-11-23,PAYPAL,SUCCESS,373.46
PAY0170,ORD0170,2025-10-13,CARD,FAILED,695.57
PAY0171,ORD0171,2025-11-09,UPI,SUCCESS,416.81
PAY0172,ORD0172,2025-11-06,CASH,SUCCESS,980.27
PAY0173,ORD0173,2025-10-25,CARD,PENDING,526.68
PAY0174,ORD0174,2025-10-26,CARD,FAILED,630.61
PAY0175,ORD0175,2025-11-09,UPI,FAILED,178.38
PAY0176,ORD0176,2025-10-23,UPI,PENDING,676.84
PAY0177,ORD0177,2025-11-19,UPI,PENDING,919.51
PAY0178,ORD0178,2025-10-08,PAYPAL,SUCCESS,821.7
PAY0179,ORD0179,2025-10-14,CARD,PENDING,644.91
PAY0180,ORD0180,2025-11-26,CASH,PENDING,185.24
PAY0181,ORD0181,2025-11-02,UPI,FAILED,898.13
PAY0182,ORD0182,2025-11-05,CASH,FAILED,862.46
PAY0183,ORD0183,2025-11-30,CARD,PENDING,897.72
PAY0184,ORD0184,2025-11-07,PAYPAL,PENDING,88.64
PAY0185,ORD0185,2025-11-12,CASH,PENDING,344.9
PAY0186,ORD0186,2025-10-09,CASH,PENDING,216.45
PAY0187,ORD0187,2025-11-19,CARD,PENDING,578.3
PAY0188,ORD0188,2025-11-21,UPI,SUCCESS,531.86
PAY0189,ORD0189,2025-10-10,CASH,SUCCESS,636.19
PAY0190,ORD0190,2025-10-22,UPI,PENDING,869.69
PAY0191,ORD0191,2025-10-22,CARD,PENDING,291.69
PAY0192,ORD0192,2025-10-27,PAYPAL,FAILED,730.31
PAY0193,ORD0193,2025-10-13,PAYPAL,FAILED,847.65
PAY0194,ORD0194,2025-11-27,UPI,PENDING,208.66
PAY0195,ORD0195,2025-10-13,CARD,FAILED,68.69
PAY0196,ORD0196,2025-10-25,CASH,SUCCESS,159.19
PAY0197,ORD0197,2025-11-24,UPI,SUCCESS,980.99
PAY0198,ORD0198,2025-11-06,PAYPAL,SUCCESS,395.72
PAY0199,ORD0199,2025-10-14,CARD,PENDING,73.5
PAY0200,ORD0200,2025-11-03,PAYPAL,SUCCESS,621.51
PAY0201,ORD0201,2025-11-14,CASH,FAILED,552.53
PAY0202,ORD0202,2025-11-30,PAYPAL,PENDING,751.95
PAY0203,ORD0203,2025-10-17,CARD,PENDING,25.08
PAY0204,ORD0204,2025-11-25,CARD,FAILED,899.32
PAY0205,ORD0205,2025-12-01,UPI,FAILED,714.49
PAY0206,ORD0206,2025-10-27,CARD,FAILED,428.31
PAY0207,ORD0207,2025-11-05,UPI,FAILED,269.87
PAY0208,ORD0208,2025-11-04,CARD,FAILED,736.01
PAY0209,ORD0209,2025-10-26,PAYPAL,FAILED,918.35
PAY0210,ORD0210,2025-10-22,CASH,SUCCESS,672.95
PAY0211,ORD0211,2025-10-23,CARD,PENDING,0.0
PAY0212,ORD0212,2025-10-13,UPI,SUCCESS,722.21
PAY0213,ORD0213,2025-11-30,UPI,SUCCESS,701.25
PAY0214,ORD0214,2025-10-08,UPI,PENDING,862.75
PAY0215,ORD0215,2025-10-18,PAYPAL,PENDING,957.96
PAY0216,ORD0216,2025-11-07,CARD,FAILED,849.47
PAY0217,ORD0217,2025-12-02,UPI,FAILED,799.49
PAY0218,ORD0218,2025-10-12,CASH,SUCCESS,182.91
PAY0219,ORD0219,2025-10-13,CARD,FAILED,665.3
PAY0220,ORD0220,2025-11-01,CARD,FAILED,895.0
PAY0221,ORD0221,2025-10-20,PAYPAL,FAILED,405.08
PAY0222,ORD0222,2025-11-28,CASH,FAILED,220.49
PAY0223,ORD0223,2025-11-16,CARD,FAILED,0.0
PAY0224,ORD0224,2025-11-13,UPI,PENDING,954.43
PAY0225,ORD0225,2025-11-30,UPI,PENDING,0.0
PAY0226,ORD0226,2025-12-02,CARD,FAILED,677.29
PAY0227,ORD0227,2025-11-30,CARD,SUCCESS,654.17
PAY0228,ORD0228,2025-10-21,UPI,FAILED,609.34
PAY0229,ORD0229,2025-10-20,CASH,SUCCESS,211.03
PAY0230,ORD0230,2025-10-10,CARD,PENDING,944.88
PAY0231,ORD0231,2025-10-22,CASH,FAILED,788.78
PAY0232,ORD0232,2025-10-28,CARD,SUCCESS,685.99
PAY0233,ORD0233,2025-10-27,CASH,PENDING,402.69
PAY0234,ORD0234,2025-10-12,PAYPAL,PENDING,583.69
PAY0235,ORD0235,2025-11-27,CARD,FAILED,899.68
PAY0236,ORD0236,2025-10-24,UPI,FAILED,389.16
PAY0237,ORD0237,2025-10-18,CARD,PENDING,537.07
PAY0238,ORD0238,2025-11-17,UPI,FAILED,249.22
PAY0239,ORD0239,2025-11-02,CASH,SUCCESS,706.57
PAY0240,ORD0240,2025-11-04,CASH,SUCCESS,480.23
PAY0241,ORD0241,2025-10-15,UPI,SUCCESS,484.37
PAY0242,ORD0242,2025-11-16,CARD,SUCCESS,376.97
PAY0243,ORD0243,2025-11-03,CASH,PENDING,0.0
PAY0244,ORD0244,2025-10-24,UPI,FAILED,566.09
PAY0245,ORD0245,2025-11-10,PAYPAL,PENDING,703.17
PAY0246,ORD0246,2025-11-26,CARD,FAILED,77.87
PAY0247,ORD0247,2025-11-14,CASH,PENDING,236.66
PAY0248,ORD0248,2025-10-18,CARD,SUCCESS,384.8
PAY0249,ORD0249,2025-12-03,CASH,FAILED,779.67
PAY0250,ORD0250,2025-11-17,CASH,FAILED,394.49
PAY0251,ORD0251,2025-10-26,PAYPAL,PENDING,0.0
PAY0252,ORD0252,2025-12-01,CASH,FAILED,846.94
PAY0253,ORD0253,2025-11-03,CARD,PENDING,177.51
PAY0254,ORD0254,2025-11-16,CARD,FAILED,0.0
PAY0255,ORD0255,2025-12-05,CARD,SUCCESS,730.77
PAY0256,ORD0256,2025-10-14,CARD,PENDING,332.5
PAY0257,ORD0257,2025-11-07,UPI,SUCCESS,79.68
PAY0258,ORD0258,2025-10-07,CASH,PENDING,0.0
PAY0259,ORD0259,2025-10-19,UPI,FAILED,280.26
PAY0260,ORD0260,2025-11-25,CARD,PENDING,940.19
PAY0261,ORD0261,2025-11-10,UPI,FAILED,94.76
PAY0262,ORD0262,2025-11-22,CASH,PENDING,360.15
PAY0263,ORD0263,2025-11-11,CARD,PENDING,853.8
PAY0264,ORD0264,2025-10-10,PAYPAL,PENDING,595.08
PAY0265,ORD0265,2025-11-22,UPI,PENDING,44.78
PAY0266,ORD0266,2025-10-26,UPI,PENDING,0.0
PAY0267,ORD0267,2025-12-01,CARD,PENDING,840.41
PAY0268,ORD0268,2025-10-11,PAYPAL,PENDING,0.0
PAY0269,ORD0269,2025-11-19,CASH,PENDING,558.83
PAY0270,ORD0270,2025-10-19,PAYPAL,FAILED,274.21
PAY0271,ORD0271,2025-12-03,UPI,PENDING,728.03
PAY0272,ORD0272,2025-11-08,PAYPAL,FAILED,488.83
PAY0273,ORD0273,2025-11-17,CASH,PENDING,266.72
PAY0274,ORD0274,2025-11-10,CARD,PENDING,192.59
PAY0275,ORD0275,2025-10-26,CARD,FAILED,0.0
PAY0276,ORD0276,2025-11-08,CARD,SUCCESS,502.38
PAY0277,ORD0277,2025-11-20,CARD,SUCCESS,607.51
PAY0278,ORD0278,2025-10-22,CARD,PENDING,51.98
PAY0279,ORD0279,2025-10-23,UPI,PENDING,258.02
PAY0280,ORD0280,2025-11-26,PAYPAL,FAILED,898.21
PAY0281,ORD0281,2025-11-06,PAYPAL,SUCCESS,448.22
PAY0282,ORD0282,2025-10-26,CASH,FAILED,125.24
PAY0283,ORD0283,2025-10-14,UPI,PENDING,524.57
PAY0284,ORD0284,2025-11-02,CASH,SUCCESS,839.05
PAY0285,ORD0285,2025-10-15,CARD,SUCCESS,128.59
PAY0286,ORD0286,2025-10-11,CASH,PENDING,90.11
PAY0287,ORD0287,2025-10-15,UPI,PENDING,220.42
PAY0288,ORD0288,2025-11-24,PAYPAL,FAILED,658.77
PAY0289,ORD0289,2025-10-31,UPI,PENDING,981.94
PAY0290,ORD0290,2025-11-20,CASH,FAILED,948.02
PAY0291,ORD0291,2025-10-29,CARD,PENDING,541.5
PAY0292,ORD0292,2025-10-08,CARD,SUCCESS,699.44
PAY0293,ORD0293,2025-11-08,UPI,SUCCESS,590.05
PAY0294,ORD0294,2025-11-28,UPI,SUCCESS,385.13
PAY0295,ORD0295,2025-11-07,UPI,PENDING,747.6
PAY0296,ORD0296,2025-11-27,CASH,FAILED,521.58
PAY0297,ORD0297,2025-10-24,CASH,PENDING,90.91
PAY0298,ORD0298,2025-10-12,CASH,SUCCESS,0.0
PAY0299,ORD0299,2025-11-01,UPI,SUCCESS,563.92
PAY0300,ORD0300,2025-10-12,CASH,SUCCESS,244.46
PAY0301,ORD0301,2025-11-08,CASH,SUCCESS,979.08
PAY0302,ORD0302,2025-10-18,CASH,SUCCESS,901.8
PAY0303,ORD0303,2025-11-08,PAYPAL,SUCCESS,138.57
PAY0304,ORD0304,2025-11-24,CARD,PENDING,830.13
PAY0305,ORD0305,2025-11-24,CARD,FAILED,638.97
PAY0306,ORD0306,2025-11-20,CASH,PENDING,700.89
PAY0307,ORD0307,2025-11-21,PAYPAL,PENDING,912.22
PAY0308,ORD0308,2025-11-13,UPI,PENDING,444.45
PAY0309,ORD0309,2025-10-29,CASH,SUCCESS,0.0
PAY0310,ORD0310,2025-10-15,PAYPAL,PENDING,404.22
PAY0311,ORD0311,2025-10-21,CARD,PENDING,277.17
PAY0312,ORD0312,2025-11-12,PAYPAL,FAILED,143.63
PAY0313,ORD0313,2025-10-20,UPI,SUCCESS,990.51
PAY0314,ORD0314,2025-10-17,CARD,FAILED,81.38
PAY0315,ORD0315,2025-10-19,PAYPAL,SUCCESS,275.39
PAY0316,ORD0316,2025-10-19,CASH,SUCCESS,308.81
PAY0317,ORD0317,2025-11-19,PAYPAL,PENDING,467.45
PAY0318,ORD0318,2025-10-24,CARD,PENDING,400.84
PAY0319,ORD0319,2025-11-29,UPI,FAILED,185.44
PAY0320,ORD0320,2025-11-12,UPI,SUCCESS,0.0
PAY0321,ORD0321,2025-10-08,PAYPAL,SUCCESS,217.02
PAY0322,ORD0322,2025-10-27,CASH,PENDING,608.59
PAY0323,ORD0323,2025-11-05,CARD,SUCCESS,543.34
PAY0324,ORD0324,2025-10-20,UPI,FAILED,77.34
PAY0325,ORD0325,2025-11-28,UPI,PENDING,0.0
PAY0326,ORD0326,2025-12-03,CARD,SUCCESS,613.3
PAY0327,ORD0327,2025-11-30,CASH,PENDING,95.44
PAY0328,ORD0328,2025-10-28,UPI,PENDING,318.77
PAY0329,ORD0329,2025-11-09,CASH,FAILED,754.31
PAY0330,ORD0330,2025-10-12,CARD,PENDING,48.71
PAY0331,ORD0331,2025-11-14,PAYPAL,FAILED,192.04
PAY0332,ORD0332,2025-12-02,PAYPAL,PENDING,23.44
PAY0333,ORD0333,2025-10-21,UPI,SUCCESS,368.04
PAY0334,ORD0334,2025-12-03,CASH,SUCCESS,654.7
PAY0335,ORD0335,2025-11-02,PAYPAL,SUCCESS,666.39
PAY0336,ORD0336,2025-10-31,CASH,SUCCESS,954.58
PAY0337,ORD0337,2025-11-21,CASH,SUCCESS,862.96
PAY0338,ORD0338,2025-12-02,UPI,PENDING,685.43
PAY0339,ORD0339,2025-11-08,CASH,SUCCESS,37.13
PAY0340,ORD0340,2025-11-05,UPI,FAILED,289.82
PAY0341,ORD0341,2025-10-28,CASH,PENDING,494.76
PAY0342,ORD0342,2025-10-19,CARD,FAILED,354.5
PAY0343,ORD0343,2025-10-29,PAYPAL,FAILED,871.62
PAY0344,ORD0344,2025-11-15,CASH,SUCCESS,0.0
PAY0345,ORD0345,2025-11-06,CASH,SUCCESS,90.8
PAY0346,ORD0346,2025-11-23,UPI,PENDING,569.25
PAY0347,ORD0347,2025-10-10,PAYPAL,FAILED,554.77
PAY0348,ORD0348,2025-11-15,CARD,PENDING,179.64
PAY0349,ORD0349,2025-10-21,UPI,PENDING,890.66
PAY0350,ORD0350,2025-11-01,CASH,FAILED,23.74
PAY0351,ORD0351,2025-11-26,PAYPAL,FAILED,0.0
PAY0352,ORD0352,2025-11-12,CARD,PENDING,959.42
PAY0353,ORD0353,2025-10-25,CARD,PENDING,42.65
PAY0354,ORD0354,2025-10-12,CARD,FAILED,533.44
PAY0355,ORD0355,2025-11-28,CARD,PENDING,379.34
PAY0356,ORD0356,2025-11-29,CARD,PENDING,0.0
PAY0357,ORD0357,2025-10-30,UPI,FAILED,647.46
PAY0358,ORD0358,2025-10-21,PAYPAL,PENDING,436.78
PAY0359,ORD0359,2025-10-19,PAYPAL,PENDING,813.96
PAY0360,ORD0360,2025-10-08,CASH,FAILED,226.58
PAY0361,ORD0361,2025-11-30,CARD,SUCCESS,474.86
PAY0362,ORD0362,2025-11-30,CARD,SUCCESS,780.34
PAY0363,ORD0363,2025-11-08,UPI,SUCCESS,346.89
PAY0364,ORD0364,2025-11-16,PAYPAL,SUCCESS,158.56
PAY0365,ORD0365,2025-11-09,CARD,PENDING,0.0
PAY0366,ORD0366,2025-12-04,PAYPAL,FAILED,821.27
PAY0367,ORD0367,2025-11-03,CARD,PENDING,510.36
PAY0368,ORD0368,2025-10-11,PAYPAL,FAILED,418.51
PAY0369,ORD0369,2025-10-12,CASH,PENDING,0.0
PAY0370,ORD0370,2025-11-17,CARD,PENDING,393.63
PAY0371,ORD0371,2025-12-01,UPI,PENDING,422.15
PAY0372,ORD0372,2025-10-26,CARD,SUCCESS,354.03
PAY0373,ORD0373,2025-11-16,CASH,SUCCESS,842.57
PAY0374,ORD0374,2025-11-08,CARD,SUCCESS,639.66
PAY0375,ORD0375,2025-12-03,CASH,FAILED,435.41
PAY0376,ORD0376,2025-10-09,CARD,PENDING,642.86
PAY0377,ORD0377,2025-11-17,CARD,FAILED,739.29
PAY0378,ORD0378,2025-11-21,CASH,FAILED,581.4
PAY0379,ORD0379,2025-12-05,PAYPAL,SUCCESS,823.5
PAY0380,ORD0380,2025-11-08,PAYPAL,PENDING,161.73
PAY0381,ORD0381,2025-11-14,UPI,SUCCESS,648.29
PAY0382,ORD0382,2025-11-04,CARD,FAILED,632.89
PAY0383,ORD0383,2025-10-29,CARD,FAILED,348.9
PAY0384,ORD0384,2025-10-30,CASH,FAILED,0.0
PAY0385,ORD0385,2025-10-29,CARD,SUCCESS,150.93
PAY0386,ORD0386,2025-10-16,CASH,SUCCESS,0.0
PAY0387,ORD0387,2025-12-01,CARD,PENDING,849.1
PAY0388,ORD0388,2025-11-26,UPI,SUCCESS,774.24
PAY0389,ORD0389,2025-10-18,UPI,SUCCESS,808.87
PAY0390,ORD0390,2025-11-07,PAYPAL,SUCCESS,290.79
PAY0391,ORD0391,2025-11-25,CASH,SUCCESS,334.21
PAY0392,ORD0392,2025-10-13,CARD,SUCCESS,200.59
PAY0393,ORD0393,2025-11-27,UPI,PENDING,325.78
PAY0394,ORD0394,2025-11-17,UPI,FAILED,840.64
PAY0395,ORD0395,2025-10-11,CARD,FAILED,0.0
PAY0396,ORD0396,2025-10-15,UPI,SUCCESS,588.6
PAY0397,ORD0397,2025-10-21,CASH,PENDING,683.23
PAY0398,ORD0398,2025-10-25,CARD,SUCCESS,360.63
PAY0399,ORD0399,2025-10-16,CARD,PENDING,340.56
PAY0400,ORD0400,2025-10-13,CARD,PENDING,135.1
PAY0401,ORD0401,2025-11-18,UPI,PENDING,342.51
PAY0402,ORD0402,2025-12-01,CARD,FAILED,588.59
PAY0403,ORD0403,2025-10-09,UPI,SUCCESS,238.23
PAY0404,ORD0404,2025-11-10,CASH,PENDING,344.57
PAY0405,ORD0405,2025-11-25,CASH,FAILED,424.37
PAY0406,ORD0406,2025-10-07,CARD,PENDING,562.22
PAY0407,ORD0407,2025-10-17,UPI,PENDING,885.01
PAY0408,ORD0408,2025-11-30,UPI,PENDING,850.48
PAY0409,ORD0409,2025-10-21,CARD,PENDING,98.43
PAY0410,ORD0410,2025-10-09,UPI,SUCCESS,724.75
PAY0411,ORD0411,2025-11-01,UPI,SUCCESS,628.96
PAY0412,ORD0412,2025-11-30,CARD,PENDING,785.32
PAY0413,ORD0413,2025-10-15,UPI,SUCCESS,354.48
PAY0414,ORD0414,2025-11-08,CASH,PENDING,517.41
PAY0415,ORD0415,2025-11-23,PAYPAL,FAILED,852.16
PAY0416,ORD0416,2025-11-10,UPI,SUCCESS,0.0
PAY0417,ORD0417,2025-11-08,CASH,PENDING,386.77
PAY0418,ORD0418,2025-10-31,CASH,FAILED,0.0
PAY0419,ORD0419,2025-10-22,CASH,PENDING,508.01
PAY0420,ORD0420,2025-12-01,CASH,PENDING,0.0
PAY0421,ORD0421,2025-11-19,CASH,SUCCESS,651.68
PAY0422,ORD0422,2025-11-20,CASH,PENDING,640.79
PAY0423,ORD0423,2025-11-08,CASH,FAILED,159.2
PAY0424,ORD0424,2025-11-24,CARD,PENDING,146.38
PAY0425,ORD0425,2025-12-05,UPI,PENDING,96.62
PAY0426,ORD0426,2025-11-24,CASH,FAILED,93.47
PAY0427,ORD0427,2025-11-07,PAYPAL,FAILED,573.53
PAY0428,ORD0428,2025-10-15,CASH,SUCCESS,431.22
PAY0429,ORD0429,2025-11-22,CARD,FAILED,46.91
PAY0430,ORD0430,2025-10-10,CARD,FAILED,967.56
PAY0431,ORD0431,2025-10-25,CARD,FAILED,163.99
PAY0432,ORD0432,2025-10-18,CARD,FAILED,588.36
PAY0433,ORD0433,2025-11-20,PAYPAL,PENDING,417.05
PAY0434,ORD0434,2025-10-27,UPI,FAILED,77.0
PAY0435,ORD0435,2025-10-28,PAYPAL,PENDING,526.23
PAY0436,ORD0436,2025-11-12,PAYPAL,PENDING,258.62
PAY0437,ORD0437,2025-11-01,CASH,FAILED,995.99
PAY0438,ORD0438,2025-10-14,CARD,SUCCESS,242.31
PAY0439,ORD0439,2025-11-05,UPI,FAILED,756.85
PAY0440,ORD0440,2025-11-06,CASH,FAILED,400.08
PAY0441,ORD0441,2025-11-25,CASH,FAILED,204.26
PAY0442,ORD0442,2025-11-21,CASH,FAILED,914.17
PAY0443,ORD0443,2025-10-21,CASH,PENDING,349.31
PAY0444,ORD0444,2025-12-04,CARD,SUCCESS,111.31
PAY0445,ORD0445,2025-12-04,PAYPAL,FAILED,466.77
PAY0446,ORD0446,2025-11-06,CASH,SUCCESS,0.0
PAY0447,ORD0447,2025-11-21,UPI,SUCCESS,557.85
PAY0448,ORD0448,2025-10-28,CARD,FAILED,906.46
PAY0449,ORD0449,2025-11-02,CASH,FAILED,415.67
PAY0450,ORD0450,2025-11-27,CARD,SUCCESS,871.01
PAY0451,ORD0451,2025-10-17,PAYPAL,PENDING,732.06
PAY0452,ORD0452,2025-11-02,PAYPAL,FAILED,676.29
PAY0453,ORD0453,2025-11-22,CARD,FAILED,778.26
PAY0454,ORD0454,2025-12-02,CARD,FAILED,632.06
PAY0455,ORD0455,2025-12-02,CASH,FAILED,340.42
PAY0456,ORD0456,2025-10-23,CARD,FAILED,667.37
PAY0457,ORD0457,2025-11-19,UPI,PENDING,429.16
PAY0458,ORD0458,2025-10-13,PAYPAL,PENDING,311.62
PAY0459,ORD0459,2025-11-30,CARD,FAILED,335.31
PAY0460,ORD0460,2025-11-21,CARD,PENDING,899.57
PAY0461,ORD0461,2025-10-28,UPI,FAILED,973.81
PAY0462,ORD0462,2025-10-30,PAYPAL,PENDING,283.35
PAY0463,ORD0463,2025-11-24,CASH,PENDING,897.61
PAY0464,ORD0464,2025-11-12,CARD,PENDING,515.4
PAY0465,ORD0465,2025-11-08,CARD,FAILED,680.04
PAY0466,ORD0466,2025-10-27,UPI,PENDING,631.76
PAY0467,ORD0467,2025-11-09,PAYPAL,SUCCESS,324.16
PAY0468,ORD0468,2025-11-14,UPI,PENDING,0.0
PAY0469,ORD0469,2025-10-09,CARD,PENDING,459.48
PAY0470,ORD0470,2025-11-09,CARD,SUCCESS,356.19
PAY0471,ORD0471,2025-11-29,CASH,SUCCESS,246.89
PAY0472,ORD0472,2025-11-16,PAYPAL,PENDING,105.94
PAY0473,ORD0473,2025-11-09,CARD,PENDING,0.0
PAY0474,ORD0474,2025-11-20,CASH,SUCCESS,424.54
PAY0475,ORD0475,2025-10-08,UPI,FAILED,981.05
PAY0476,ORD0476,2025-12-02,CASH,PENDING,41.3
PAY0477,ORD0477,2025-11-08,PAYPAL,SUCCESS,850.79
PAY0478,ORD0478,2025-10-31,PAYPAL,SUCCESS,672.01
PAY0479,ORD0479,2025-11-10,CARD,SUCCESS,553.45
PAY0480,ORD0480,2025-11-15,UPI,SUCCESS,33.94
PAY0481,ORD0481,2025-10-28,CASH,PENDING,467.75
PAY0482,ORD0482,2025-11-17,CASH,SUCCESS,0.0
PAY0483,ORD0483,2025-12-02,UPI,FAILED,565.79
PAY0484,ORD0484,2025-10-30,PAYPAL,FAILED,0.0
PAY0485,ORD0485,2025-10-22,UPI,PENDING,773.73
PAY0486,ORD0486,2025-11-20,CASH,FAILED,658.93
PAY0487,ORD0487,2025-11-13,PAYPAL,SUCCESS,804.09
PAY0488,ORD0488,2025-10-27,CARD,PENDING,386.21
PAY0489,ORD0489,2025-11-21,CASH,FAILED,124.18
PAY0490,ORD0490,2025-10-09,CARD,SUCCESS,472.8
PAY0491,ORD0491,2025-10-18,CASH,PENDING,956.78
PAY0492,ORD0492,2025-12-02,PAYPAL,PENDING,357.53
PAY0493,ORD0493,2025-12-05,CASH,SUCCESS,766.23
PAY0494,ORD0494,2025-11-26,CASH,PENDING,429.07
PAY0495,ORD0495,2025-11-24,CARD,SUCCESS,308.65
PAY0496,ORD0496,2025-11-26,PAYPAL,FAILED,250.78
PAY0497,ORD0497,2025-10-18,PAYPAL,SUCCESS,747.91
PAY0498,ORD0498,2025-11-29,CARD,PENDING,229.54
PAY0499,ORD0499,2025-11-28,CASH,FAILED,907.05
PAY0500,ORD0500,2025-11-14,UPI,PENDING,106.25
PAY0501,ORD0501,2025-10-18,CASH,FAILED,157.33
PAY0502,ORD0502,2025-12-03,UPI,PENDING,0.0
PAY0503,ORD0503,2025-10-10,CASH,SUCCESS,887.68
PAY0504,ORD0504,2025-11-30,UPI,SUCCESS,356.51
PAY0505,ORD0505,2025-10-08,PAYPAL,PENDING,703.57
PAY0506,ORD0506,2025-11-14,CARD,PENDING,745.99
PAY0507,ORD0507,2025-11-10,UPI,FAILED,733.22
PAY0508,ORD0508,2025-11-01,CARD,PENDING,192.6
PAY0509,ORD0509,2025-10-21,UPI,FAILED,374.13
PAY0510,ORD0510,2025-11-08,CASH,FAILED,946.53
PAY0511,ORD0511,2025-10-30,PAYPAL,FAILED,725.5
PAY0512,ORD0512,2025-12-03,CASH,PENDING,513.54
PAY0513,ORD0513,2025-10-11,CASH,SUCCESS,129.8
PAY0514,ORD0514,2025-10-26,CASH,FAILED,0.0
PAY0515,ORD0515,2025-12-04,PAYPAL,SUCCESS,535.95
PAY0516,ORD0516,2025-11-28,CARD,PENDING,276.35
PAY0517,ORD0517,2025-10-12,PAYPAL,SUCCESS,980.67
PAY0518,ORD0518,2025-11-26,UPI,FAILED,427.45
PAY0519,ORD0519,2025-11-07,CASH,FAILED,466.58
PAY0520,ORD0520,2025-11-16,PAYPAL,SUCCESS,388.55
PAY0521,ORD0521,2025-11-05,UPI,SUCCESS,971.47
PAY0522,ORD0522,2025-11-08,PAYPAL,PENDING,292.52
PAY0523,ORD0523,2025-11-30,CASH,FAILED,408.75
PAY0524,ORD0524,2025-11-12,UPI,FAILED,983.83
PAY0525,ORD0525,2025-10-17,UPI,FAILED,815.5
PAY0526,ORD0526,2025-11-22,UPI,PENDING,778.07
PAY0527,ORD0527,2025-11-07,CASH,FAILED,993.19
PAY0528,ORD0528,2025-10-19,CASH,SUCCESS,270.61
PAY0529,ORD0529,2025-11-21,UPI,SUCCESS,564.56
PAY0530,ORD0530,2025-10-15,CASH,SUCCESS,381.47
PAY0531,ORD0531,2025-11-20,PAYPAL,FAILED,376.68
PAY0532,ORD0532,2025-11-26,UPI,SUCCESS,296.39
PAY0533,ORD0533,2025-10-19,PAYPAL,SUCCESS,838.2
PAY0534,ORD0534,2025-11-08,UPI,PENDING,314.51
PAY0535,ORD0535,2025-10-20,PAYPAL,PENDING,0.0
PAY0536,ORD0536,2025-10-26,UPI,SUCCESS,93.79
PAY0537,ORD0537,2025-10-22,CARD,SUCCESS,450.98
PAY0538,ORD0538,2025-10-25,CARD,PENDING,801.65
PAY0539,ORD0539,2025-12-05,UPI,PENDING,0.0
PAY0540,ORD0540,2025-12-05,CASH,FAILED,806.39
PAY0541,ORD0541,2025-10-26,UPI,FAILED,324.34
PAY0542,ORD0542,2025-12-01,PAYPAL,PENDING,0.0
PAY0543,ORD0543,2025-10-15,PAYPAL,PENDING,737.54
PAY0544,ORD0544,2025-12-03,UPI,FAILED,571.6
PAY0545,ORD0545,2025-11-10,PAYPAL,SUCCESS,95.69
PAY0546,ORD0546,2025-11-16,CASH,SUCCESS,114.77
PAY0547,ORD0547,2025-11-27,UPI,FAILED,911.86
PAY0548,ORD0548,2025-11-26,PAYPAL,SUCCESS,500.81
PAY0549,ORD0549,2025-11-03,CASH,FAILED,68.18
PAY0550,ORD0550,2025-11-17,PAYPAL,PENDING,85.31
PAY0551,ORD0551,2025-10-14,CARD,FAILED,356.54
PAY0552,ORD0552,2025-10-23,CARD,SUCCESS,311.4
PAY0553,ORD0553,2025-12-03,PAYPAL,SUCCESS,533.1
PAY0554,ORD0554,2025-11-14,CARD,PENDING,911.53
PAY0555,ORD0555,2025-11-09,CASH,FAILED,132.35
PAY0556,ORD0556,2025-11-05,UPI,SUCCESS,0.0
PAY0557,ORD0557,2025-10-27,UPI,FAILED,0.0
PAY0558,ORD0558,2025-11-26,CARD,PENDING,527.9
PAY0559,ORD0559,2025-10-17,PAYPAL,FAILED,947.84
PAY0560,ORD0560,2025-10-26,CARD,SUCCESS,569.5
PAY0561,ORD0561,2025-10-27,CASH,PENDING,969.66
PAY0562,ORD0562,2025-11-07,PAYPAL,FAILED,226.89
PAY0563,ORD0563,2025-10-14,UPI,SUCCESS,760.95
PAY0564,ORD0564,2025-10-07,UPI,SUCCESS,974.07
PAY0565,ORD0565,2025-11-03,UPI,PENDING,305.91
PAY0566,ORD0566,2025-10-22,CARD,SUCCESS,888.49
PAY0567,ORD0567,2025-11-11,CARD,FAILED,335.11
PAY0568,ORD0568,2025-10-25,PAYPAL,SUCCESS,794.04
PAY0569,ORD0569,2025-10-20,UPI,SUCCESS,346.94
PAY0570,ORD0570,2025-10-12,CASH,FAILED,72.73
PAY0571,ORD0571,2025-11-30,UPI,PENDING,963.42
PAY0572,ORD0572,2025-11-06,PAYPAL,SUCCESS,96.99
PAY0573,ORD0573,2025-10-27,PAYPAL,SUCCESS,555.74
PAY0574,ORD0574,2025-10-07,CARD,FAILED,348.02
PAY0575,ORD0575,2025-11-10,CASH,FAILED,725.59
PAY0576,ORD0576,2025-10-19,CARD,SUCCESS,26.19
PAY0577,ORD0577,2025-11-23,CASH,PENDING,56.51
PAY0578,ORD0578,2025-10-07,CARD,FAILED,339.22
PAY0579,ORD0579,2025-11-19,CASH,PENDING,949.1
PAY0580,ORD0580,2025-11-17,CASH,FAILED,0.0
PAY0581,ORD0581,2025-11-14,UPI,PENDING,176.41
PAY0582,ORD0582,2025-12-05,PAYPAL,SUCCESS,481.25
PAY0583,ORD0583,2025-10-14,CARD,PENDING,977.63
PAY0584,ORD0584,2025-11-26,CASH,SUCCESS,920.13
PAY0585,ORD0585,2025-10-13,PAYPAL,SUCCESS,0.0
PAY0586,ORD0586,2025-11-09,UPI,PENDING,497.91
PAY0587,ORD0587,2025-11-15,CASH,PENDING,845.11
PAY0588,ORD0588,2025-10-29,CARD,FAILED,108.41
PAY0589,ORD0589,2025-10-28,CARD,SUCCESS,872.64
PAY0590,ORD0590,2025-10-26,CASH,FAILED,510.23
PAY0591,ORD0591,2025-10-29,CARD,PENDING,998.87
PAY0592,ORD0592,2025-10-13,CASH,SUCCESS,888.77
PAY0593,ORD0593,2025-11-30,CASH,SUCCESS,152.83
PAY0594,ORD0594,2025-11-26,PAYPAL,PENDING,192.13
PAY0595,ORD0595,2025-10-15,PAYPAL,FAILED,160.85
PAY0596,ORD0596,2025-11-15,UPI,PENDING,623.63
PAY0597,ORD0597,2025-12-01,UPI,FAILED,320.32
PAY0598,ORD0598,2025-12-03,PAYPAL,SUCCESS,670.93
PAY0599,ORD0599,2025-10-26,PAYPAL,FAILED,142.23
PAY0600,ORD0600,2025-10-18,CASH,PENDING,505.32
PAY0601,ORD0601,2025-11-13,UPI,PENDING,145.93
PAY0602,ORD0602,2025-10-25,UPI,FAILED,241.98
PAY0603,ORD0603,2025-11-26,CARD,FAILED,678.74
PAY0604,ORD0604,2025-11-29,CARD,PENDING,339.44
PAY0605,ORD0605,2025-11-14,PAYPAL,SUCCESS,795.03
PAY0606,ORD0606,2025-10-07,PAYPAL,FAILED,170.14
PAY0607,ORD0607,2025-11-26,PAYPAL,PENDING,0.0
PAY0608,ORD0608,2025-11-10,UPI,FAILED,407.79
PAY0609,ORD0609,2025-10-13,PAYPAL,FAILED,383.02
PAY0610,ORD0610,2025-10-14,CASH,PENDING,0.0
PAY0611,ORD0611,2025-10-25,UPI,FAILED,839.19
PAY0612,ORD0612,2025-11-08,UPI,PENDING,942.53
PAY0613,ORD0613,2025-11-20,CASH,PENDING,66.13
PAY0614,ORD0614,2025-11-15,CASH,PENDING,0.0
PAY0615,ORD0615,2025-10-27,UPI,SUCCESS,641.92
PAY0616,ORD0616,2025-10-17,CASH,PENDING,257.61
PAY0617,ORD0617,2025-10-18,CARD,SUCCESS,959.46
PAY0618,ORD0618,2025-10-26,CASH,FAILED,435.33
PAY0619,ORD0619,2025-12-03,UPI,PENDING,873.42
PAY0620,ORD0620,2025-11-03,CARD,SUCCESS,0.0
PAY0621,ORD0621,2025-11-26,CASH,PENDING,630.16
PAY0622,ORD0622,2025-10-16,CASH,SUCCESS,58.77
PAY0623,ORD0623,2025-10-15,UPI,PENDING,686.26
PAY0624,ORD0624,2025-11-26,PAYPAL,PENDING,0.0
PAY0625,ORD0625,2025-11-22,CASH,SUCCESS,851.99
PAY0626,ORD0626,2025-10-24,CASH,FAILED,540.93
PAY0627,ORD0627,2025-10-22,CASH,SUCCESS,848.28
PAY0628,ORD0628,2025-10-24,CASH,SUCCESS,52.88
PAY0629,ORD0629,2025-11-09,UPI,SUCCESS,906.76
PAY0630,ORD0630,2025-11-01,CARD,PENDING,348.63
PAY0631,ORD0631,2025-11-02,CASH,FAILED,305.58
PAY0632,ORD0632,2025-10-26,UPI,SUCCESS,810.45
PAY0633,ORD0633,2025-11-25,CASH,PENDING,189.04
PAY0634,ORD0634,2025-11-20,UPI,SUCCESS,527.32
PAY0635,ORD0635,2025-10-25,PAYPAL,FAILED,944.02
PAY0636,ORD0636,2025-10-12,CARD,PENDING,800.46
PAY0637,ORD0637,2025-11-05,PAYPAL,PENDING,501.65
PAY0638,ORD0638,2025-11-27,CARD,SUCCESS,358.67
PAY0639,ORD0639,2025-12-03,PAYPAL,SUCCESS,244.99
PAY0640,ORD0640,2025-10-22,UPI,PENDING,666.0
PAY0641,ORD0641,2025-11-19,PAYPAL,PENDING,912.76
PAY0642,ORD0642,2025-10-25,PAYPAL,PENDING,126.53
PAY0643,ORD0643,2025-10-23,PAYPAL,PENDING,27.97
PAY0644,ORD0644,2025-10-15,CARD,FAILED,0.0
PAY0645,ORD0645,2025-11-14,CARD,SUCCESS,0.0
PAY0646,ORD0646,2025-11-10,CARD,FAILED,481.47
PAY0647,ORD0647,2025-12-04,CASH,FAILED,847.09
PAY0648,ORD0648,2025-11-05,CARD,FAILED,157.44
PAY0649,ORD0649,2025-10-18,UPI,SUCCESS,36.46
PAY0650,ORD0650,2025-11-01,PAYPAL,SUCCESS,520.33
PAY0651,ORD0651,2025-10-29,PAYPAL,SUCCESS,0.0
PAY0652,ORD0652,2025-10-19,CASH,FAILED,0.0
PAY0653,ORD0653,2025-10-12,CASH,PENDING,104.82
PAY0654,ORD0654,2025-10-25,PAYPAL,SUCCESS,0.0
PAY0655,ORD0655,2025-11-16,UPI,SUCCESS,900.64
PAY0656,ORD0656,2025-11-08,CASH,PENDING,261.62
PAY0657,ORD0657,2025-10-30,UPI,PENDING,151.56
PAY0658,ORD0658,2025-12-02,PAYPAL,PENDING,449.64
PAY0659,ORD0659,2025-11-29,CASH,FAILED,518.2
PAY0660,ORD0660,2025-10-17,CASH,FAILED,361.36
PAY0661,ORD0661,2025-10-19,CASH,FAILED,120.34
PAY0662,ORD0662,2025-11-04,PAYPAL,FAILED,125.68
PAY0663,ORD0663,2025-11-14,UPI,SUCCESS,52.57
PAY0664,ORD0664,2025-11-19,CASH,PENDING,122.36
PAY0665,ORD0665,2025-11-01,CASH,PENDING,145.75
PAY0666,ORD0666,2025-10-28,CASH,SUCCESS,791.32
PAY0667,ORD0667,2025-11-30,CASH,FAILED,142.53
PAY0668,ORD0668,2025-11-03,CARD,FAILED,796.08
PAY0669,ORD0669,2025-11-12,CARD,PENDING,191.39
PAY0670,ORD0670,2025-10-20,PAYPAL,PENDING,281.87
PAY0671,ORD0671,2025-11-15,UPI,SUCCESS,218.15
PAY0672,ORD0672,2025-10-09,PAYPAL,FAILED,211.71
PAY0673,ORD0673,2025-10-16,CASH,PENDING,871.31
PAY0674,ORD0674,2025-12-04,CARD,PENDING,0.0
PAY0675,ORD0675,2025-10-08,UPI,PENDING,436.44
PAY0676,ORD0676,2025-12-05,PAYPAL,PENDING,705.8
PAY0677,ORD0677,2025-11-09,UPI,FAILED,899.85
PAY0678,ORD0678,2025-12-05,CARD,FAILED,0.0
PAY0679,ORD0679,2025-10-13,CARD,SUCCESS,217.48
PAY0680,ORD0680,2025-11-07,CARD,FAILED,466.3
PAY0681,ORD0681,2025-11-07,CASH,SUCCESS,245.28
PAY0682,ORD0682,2025-11-05,UPI,PENDING,782.84
PAY0683,ORD0683,2025-11-04,UPI,PENDING,281.27
PAY0684,ORD0684,2025-11-21,UPI,FAILED,206.95
PAY0685,ORD0685,2025-11-07,UPI,SUCCESS,0.0
PAY0686,ORD0686,2025-11-17,CARD,FAILED,849.17
PAY0687,ORD0687,2025-10-20,CARD,SUCCESS,912.25
PAY0688,ORD0688,2025-10-24,PAYPAL,PENDING,35.29
PAY0689,ORD0689,2025-11-21,UPI,PENDING,652.12
PAY0690,ORD0690,2025-11-08,CARD,PENDING,682.64
PAY0691,ORD0691,2025-10-25,UPI,SUCCESS,384.89
PAY0692,ORD0692,2025-11-19,UPI,FAILED,872.02
PAY0693,ORD0693,2025-11-23,CASH,FAILED,125.01
PAY0694,ORD0694,2025-10-19,UPI,SUCCESS,173.02
PAY0695,ORD0695,2025-10-26,CARD,FAILED,724.99
PAY0696,ORD0696,2025-10-22,UPI,PENDING,0.0
PAY0697,ORD0697,2025-11-23,PAYPAL,PENDING,254.68
PAY0698,ORD0698,2025-10-07,PAYPAL,FAILED,806.85
PAY0699,ORD0699,2025-11-12,CARD,FAILED,0.0
PAY0700,ORD0700,2025-11-04,UPI,SUCCESS,810.27
PAY0701,ORD0701,2025-12-03,CASH,SUCCESS,431.89
PAY0702,ORD0702,2025-11-12,CARD,SUCCESS,323.0
PAY0703,ORD0703,2025-11-10,CASH,FAILED,937.9
PAY0704,ORD0704,2025-10-27,CASH,SUCCESS,196.28
PAY0705,ORD0705,2025-11-14,CASH,FAILED,787.73
PAY0706,ORD0706,2025-10-09,UPI,PENDING,697.25
PAY0707,ORD0707,2025-11-01,UPI,FAILED,302.64
PAY0708,ORD0708,2025-11-12,CASH,SUCCESS,929.94
PAY0709,ORD0709,2025-11-29,UPI,PENDING,717.15
PAY0710,ORD0710,2025-10-22,CARD,FAILED,523.48
PAY0711,ORD0711,2025-10-12,CARD,PENDING,51.67
PAY0712,ORD0712,2025-11-30,CASH,PENDING,476.64
PAY0713,ORD0713,2025-11-24,UPI,SUCCESS,35.35
PAY0714,ORD0714,2025-11-17,PAYPAL,PENDING,886.7
PAY0715,ORD0715,2025-11-19,CARD,PENDING,709.32
PAY0716,ORD0716,2025-11-20,CARD,SUCCESS,179.05
PAY0717,ORD0717,2025-11-25,PAYPAL,PENDING,73.25
PAY0718,ORD0718,2025-10-30,PAYPAL,SUCCESS,543.34
PAY0719,ORD0719,2025-10-21,PAYPAL,FAILED,748.7
PAY0720,ORD0720,2025-11-02,CARD,SUCCESS,297.64
PAY0721,ORD0721,2025-10-08,UPI,SUCCESS,913.1
PAY0722,ORD0722,2025-11-10,CARD,SUCCESS,85.46
PAY0723,ORD0723,2025-10-31,CASH,SUCCESS,904.17
PAY0724,ORD0724,2025-11-11,CASH,SUCCESS,289.39
PAY0725,ORD0725,2025-11-03,UPI,PENDING,766.53
PAY0726,ORD0726,2025-11-27,PAYPAL,SUCCESS,221.42
PAY0727,ORD0727,2025-10-28,CARD,PENDING,32.86
PAY0728,ORD0728,2025-11-15,CASH,FAILED,120.14
PAY0729,ORD0729,2025-11-26,UPI,FAILED,0.0
PAY0730,ORD0730,2025-10-31,CARD,SUCCESS,291.19
PAY0731,ORD0731,2025-10-26,PAYPAL,SUCCESS,955.25
PAY0732,ORD0732,2025-11-06,CASH,PENDING,898.74
PAY0733,ORD0733,2025-11-12,CARD,FAILED,732.54
PAY0734,ORD0734,2025-11-29,CASH,SUCCESS,437.01
PAY0735,ORD0735,2025-12-04,CASH,SUCCESS,567.29
PAY0736,ORD0736,2025-11-02,CASH,PENDING,922.89
PAY0737,ORD0737,2025-10-09,CARD,PENDING,706.1
PAY0738,ORD0738,2025-11-08,UPI,FAILED,708.09
PAY0739,ORD0739,2025-10-13,PAYPAL,PENDING,99.84
PAY0740,ORD0740,2025-12-05,UPI,FAILED,785.38
PAY0741,ORD0741,2025-11-20,CARD,SUCCESS,347.58
PAY0742,ORD0742,2025-12-01,PAYPAL,FAILED,612.54
PAY0743,ORD0743,2025-11-22,CASH,PENDING,857.15
PAY0744,ORD0744,2025-11-03,CASH,SUCCESS,138.2
PAY0745,ORD0745,2025-10-13,CARD,FAILED,511.76
PAY0746,ORD0746,2025-10-31,CASH,SUCCESS,0.0
PAY0747,ORD0747,2025-10-17,CARD,PENDING,601.0
PAY0748,ORD0748,2025-11-29,CASH,PENDING,0.0
PAY0749,ORD0749,2025-10-28,CARD,SUCCESS,0.0
PAY0750,ORD0750,2025-10-25,PAYPAL,SUCCESS,771.18
PAY0751,ORD0751,2025-10-11,CASH,FAILED,225.53
PAY0752,ORD0752,2025-11-19,UPI,SUCCESS,700.96
PAY0753,ORD0753,2025-10-29,PAYPAL,PENDING,110.99
PAY0754,ORD0754,2025-11-23,CARD,SUCCESS,556.87
PAY0755,ORD0755,2025-12-03,PAYPAL,PENDING,104.04
PAY0756,ORD0756,2025-11-24,UPI,SUCCESS,396.65
PAY0757,ORD0757,2025-10-17,CARD,SUCCESS,221.71
PAY0758,ORD0758,2025-10-14,CASH,PENDING,518.91
PAY0759,ORD0759,2025-11-26,CARD,FAILED,398.28
PAY0760,ORD0760,2025-11-15,PAYPAL,FAILED,522.22
PAY0761,ORD0761,2025-11-17,PAYPAL,SUCCESS,303.39
PAY0762,ORD0762,2025-10-19,CASH,FAILED,570.4
PAY0763,ORD0763,2025-10-15,CARD,FAILED,850.46
PAY0764,ORD0764,2025-12-01,PAYPAL,FAILED,149.58
PAY0765,ORD0765,2025-11-04,PAYPAL,PENDING,397.28
PAY0766,ORD0766,2025-10-13,CASH,SUCCESS,706.02
PAY0767,ORD0767,2025-11-12,UPI,PENDING,650.04
PAY0768,ORD0768,2025-11-16,CARD,PENDING,370.75
PAY0769,ORD0769,2025-12-02,UPI,FAILED,808.66
PAY0770,ORD0770,2025-11-12,PAYPAL,PENDING,821.79
PAY0771,ORD0771,2025-11-27,CASH,SUCCESS,682.96
PAY0772,ORD0772,2025-10-30,UPI,FAILED,0.0
PAY0773,ORD0773,2025-11-26,CARD,SUCCESS,325.79
PAY0774,ORD0774,2025-10-12,CARD,SUCCESS,431.4
PAY0775,ORD0775,2025-10-21,CARD,FAILED,360.47
PAY0776,ORD0776,2025-11-14,CASH,FAILED,25.61
PAY0777,ORD0777,2025-10-10,UPI,FAILED,344.68
PAY0778,ORD0778,2025-10-20,UPI,FAILED,991.88
PAY0779,ORD0779,2025-11-29,CASH,PENDING,654.04
PAY0780,ORD0780,2025-10-30,CARD,PENDING,203.59
PAY0781,ORD0781,2025-10-11,CARD,PENDING,291.08
PAY0782,ORD0782,2025-11-05,CARD,SUCCESS,301.0
PAY0783,ORD0783,2025-11-03,PAYPAL,SUCCESS,176.42
PAY0784,ORD0784,2025-10-27,UPI,PENDING,408.59
PAY0785,ORD0785,2025-11-09,CARD,SUCCESS,756.8
PAY0786,ORD0786,2025-10-13,UPI,PENDING,531.28
PAY0787,ORD0787,2025-10-23,PAYPAL,FAILED,646.3
PAY0788,ORD0788,2025-10-14,UPI,PENDING,791.61
PAY0789,ORD0789,2025-10-26,UPI,FAILED,319.5
PAY0790,ORD0790,2025-10-15,CARD,PENDING,873.89
PAY0791,ORD0791,2025-11-14,UPI,FAILED,395.49
PAY0792,ORD0792,2025-10-17,CASH,FAILED,796.89
PAY0793,ORD0793,2025-10-26,CARD,PENDING,551.78
PAY0794,ORD0794,2025-11-08,CASH,SUCCESS,171.07
PAY0795,ORD0795,2025-10-25,CARD,SUCCESS,842.62
PAY0796,ORD0796,2025-11-24,CASH,PENDING,363.86
PAY0797,ORD0797,2025-11-28,PAYPAL,FAILED,732.56
PAY0798,ORD0798,2025-11-16,UPI,FAILED,0.0
PAY0799,ORD0799,2025-10-18,PAYPAL,FAILED,132.02
PAY0800,ORD0800,2025-10-14,CASH,FAILED,0.0
PAY0801,ORD0801,2025-11-21,CARD,PENDING,0.0
PAY0802,ORD0802,2025-11-10,CASH,FAILED,603.46
PAY0803,ORD0803,2025-12-03,CASH,FAILED,440.84
PAY0804,ORD0804,2025-10-19,PAYPAL,PENDING,782.77
PAY0805,ORD0805,2025-10-31,PAYPAL,PENDING,936.75
PAY0806,ORD0806,2025-11-26,CARD,FAILED,407.42
PAY0807,ORD0807,2025-10-07,CASH,PENDING,736.83
PAY0808,ORD0808,2025-11-30,CASH,FAILED,270.37
PAY0809,ORD0809,2025-10-19,UPI,FAILED,150.61
PAY0810,ORD0810,2025-12-03,PAYPAL,PENDING,924.83
PAY0811,ORD0811,2025-11-22,UPI,PENDING,665.96
PAY0812,ORD0812,2025-10-21,CASH,FAILED,421.94
PAY0813,ORD0813,2025-10-24,CARD,FAILED,128.2
PAY0814,ORD0814,2025-12-05,CASH,SUCCESS,828.96
PAY0815,ORD0815,2025-11-15,PAYPAL,FAILED,708.47
PAY0816,ORD0816,2025-11-26,CASH,SUCCESS,265.93
PAY0817,ORD0817,2025-11-08,CARD,PENDING,804.01
PAY0818,ORD0818,2025-10-23,CARD,SUCCESS,0.0
PAY0819,ORD0819,2025-11-04,CARD,PENDING,274.06
PAY0820,ORD0820,2025-10-26,CARD,PENDING,0.0
PAY0821,ORD0821,2025-12-02,UPI,PENDING,0.0
PAY0822,ORD0822,2025-10-22,CARD,FAILED,807.02
PAY0823,ORD0823,2025-10-28,PAYPAL,SUCCESS,811.44
PAY0824,ORD0824,2025-10-30,UPI,FAILED,461.94
PAY0825,ORD0825,2025-10-16,CARD,SUCCESS,625.16
PAY0826,ORD0826,2025-12-01,CARD,PENDING,818.83
PAY0827,ORD0827,2025-11-18,PAYPAL,SUCCESS,580.06
PAY0828,ORD0828,2025-12-05,CASH,PENDING,359.0
PAY0829,ORD0829,2025-12-03,CARD,FAILED,129.65
PAY0830,ORD0830,2025-11-09,CARD,PENDING,41.64
PAY0831,ORD0831,2025-11-02,CASH,FAILED,0.0
PAY0832,ORD0832,2025-11-30,CARD,PENDING,946.77
PAY0833,ORD0833,2025-11-12,CASH,PENDING,450.91
PAY0834,ORD0834,2025-10-22,CARD,SUCCESS,0.0
PAY0835,ORD0835,2025-11-22,PAYPAL,PENDING,863.23
PAY0836,ORD0836,2025-10-10,UPI,SUCCESS,661.07
PAY0837,ORD0837,2025-10-18,PAYPAL,PENDING,0.0
PAY0838,ORD0838,2025-10-13,UPI,PENDING,482.17
PAY0839,ORD0839,2025-11-11,UPI,PENDING,113.76
PAY0840,ORD0840,2025-11-06,CASH,FAILED,69.18
PAY0841,ORD0841,2025-10-08,UPI,SUCCESS,179.42
PAY0842,ORD0842,2025-11-23,PAYPAL,PENDING,785.21
PAY0843,ORD0843,2025-10-19,UPI,FAILED,0.0
PAY0844,ORD0844,2025-10-23,CARD,FAILED,177.37
PAY0845,ORD0845,2025-11-11,PAYPAL,FAILED,157.21
PAY0846,ORD0846,2025-10-27,CARD,SUCCESS,796.92
PAY0847,ORD0847,2025-10-21,UPI,PENDING,142.95
PAY0848,ORD0848,2025-10-22,UPI,SUCCESS,36.99
PAY0849,ORD0849,2025-10-17,UPI,FAILED,0.0
PAY0850,ORD0850,2025-12-05,PAYPAL,FAILED,484.48
PAY0851,ORD0851,2025-11-17,PAYPAL,SUCCESS,711.12
PAY0852,ORD0852,2025-11-04,PAYPAL,SUCCESS,0.0
PAY0853,ORD0853,2025-11-03,CASH,SUCCESS,312.74
PAY0854,ORD0854,2025-11-28,CASH,PENDING,0.0
PAY0855,ORD0855,2025-10-20,CARD,FAILED,222.2
PAY0856,ORD0856,2025-11-22,PAYPAL,SUCCESS,704.4
PAY0857,ORD0857,2025-10-17,CARD,SUCCESS,168.74
PAY0858,ORD0858,2025-11-15,UPI,SUCCESS,184.37
PAY0859,ORD0859,2025-10-07,PAYPAL,PENDING,164.03
PAY0860,ORD0860,2025-11-15,CARD,FAILED,290.4
PAY0861,ORD0861,2025-11-25,CASH,FAILED,844.73
PAY0862,ORD0862,2025-11-20,CARD,SUCCESS,898.33
PAY0863,ORD0863,2025-11-19,UPI,PENDING,300.7
PAY0864,ORD0864,2025-11-12,UPI,SUCCESS,41.71
PAY0865,ORD0865,2025-11-12,CASH,SUCCESS,344.77
PAY0866,ORD0866,2025-11-23,CARD,PENDING,536.11
PAY0867,ORD0867,2025-10-09,UPI,PENDING,845.09
PAY0868,ORD0868,2025-11-29,PAYPAL,SUCCESS,797.66
PAY0869,ORD0869,2025-11-01,PAYPAL,FAILED,85.91
PAY0870,ORD0870,2025-10-17,UPI,SUCCESS,471.74
PAY0871,ORD0871,2025-10-10,PAYPAL,FAILED,699.55
PAY0872,ORD0872,2025-10-10,CARD,SUCCESS,367.98
PAY0873,ORD0873,2025-10-30,UPI,FAILED,644.16
PAY0874,ORD0874,2025-10-30,PAYPAL,FAILED,638.44
PAY0875,ORD0875,2025-11-21,UPI,FAILED,0.0
PAY0876,ORD0876,2025-10-23,CARD,PENDING,888.45
PAY0877,ORD0877,2025-11-14,PAYPAL,SUCCESS,491.82
PAY0878,ORD0878,2025-11-25,UPI,PENDING,687.52
PAY0879,ORD0879,2025-11-20,PAYPAL,FAILED,618.22
PAY0880,ORD0880,2025-11-02,PAYPAL,FAILED,340.87
PAY0881,ORD0881,2025-11-01,UPI,PENDING,0.0
PAY0882,ORD0882,2025-10-28,CARD,FAILED,178.82
PAY0883,ORD0883,2025-11-12,PAYPAL,FAILED,933.66
PAY0884,ORD0884,2025-12-04,UPI,PENDING,739.06
PAY0885,ORD0885,2025-10-16,PAYPAL,SUCCESS,541.57
PAY0886,ORD0886,2025-10-30,CASH,SUCCESS,102.23
PAY0887,ORD0887,2025-11-14,CARD,FAILED,130.63
PAY0888,ORD0888,2025-10-30,PAYPAL,FAILED,746.59
PAY0889,ORD0889,2025-10-13,CARD,FAILED,298.78
PAY0890,ORD0890,2025-10-18,CARD,SUCCESS,134.29
PAY0891,ORD0891,2025-10-16,UPI,FAILED,0.0
PAY0892,ORD0892,2025-10-10,PAYPAL,FAILED,729.61
PAY0893,ORD0893,2025-11-26,PAYPAL,FAILED,644.26
PAY0894,ORD0894,2025-10-30,UPI,PENDING,563.82
PAY0895,ORD0895,2025-11-07,CASH,PENDING,68.7
PAY0896,ORD0896,2025-10-15,UPI,PENDING,181.48
PAY0897,ORD0897,2025-12-05,UPI,FAILED,568.09
PAY0898,ORD0898,2025-11-01,PAYPAL,PENDING,907.11
PAY0899,ORD0899,2025-11-21,UPI,FAILED,866.78
PAY0900,ORD0900,2025-10-16,CASH,FAILED,204.9
PAY0901,ORD0901,2025-11-14,CARD,FAILED,764.31
PAY0902,ORD0902,2025-10-31,UPI,FAILED,58.93
PAY0903,ORD0903,2025-12-03,CASH,FAILED,28.62
PAY0904,ORD0904,2025-11-06,UPI,SUCCESS,990.42
PAY0905,ORD0905,2025-11-28,UPI,SUCCESS,39.83
PAY0906,ORD0906,2025-11-13,CARD,PENDING,344.88
PAY0907,ORD0907,2025-11-18,CASH,FAILED,972.58
PAY0908,ORD0908,2025-12-05,CASH,PENDING,689.51
PAY0909,ORD0909,2025-12-03,CASH,PENDING,133.53
PAY0910,ORD0910,2025-11-01,CASH,FAILED,280.6
PAY0911,ORD0911,2025-11-08,CARD,SUCCESS,398.15
PAY0912,ORD0912,2025-11-19,CARD,FAILED,328.8
PAY0913,ORD0913,2025-10-20,UPI,SUCCESS,0.0
PAY0914,ORD0914,2025-10-13,PAYPAL,FAILED,734.09
PAY0915,ORD0915,2025-11-28,CARD,FAILED,883.84
PAY0916,ORD0916,2025-11-25,CASH,SUCCESS,404.14
PAY0917,ORD0917,2025-10-29,CASH,SUCCESS,612.16
PAY0918,ORD0918,2025-11-15,UPI,FAILED,429.18
PAY0919,ORD0919,2025-10-30,UPI,SUCCESS,999.85
PAY0920,ORD0920,2025-12-04,CASH,FAILED,427.1
PAY0921,ORD0921,2025-11-13,CASH,PENDING,0.0
PAY0922,ORD0922,2025-11-10,PAYPAL,FAILED,78.87
PAY0923,ORD0923,2025-10-27,PAYPAL,SUCCESS,424.25
PAY0924,ORD0924,2025-11-11,CASH,FAILED,119.66
PAY0925,ORD0925,2025-11-20,PAYPAL,SUCCESS,476.2
PAY0926,ORD0926,2025-10-22,CASH,PENDING,500.54
PAY0927,ORD0927,2025-10-24,CASH,FAILED,997.29
PAY0928,ORD0928,2025-10-30,UPI,FAILED,681.8
PAY0929,ORD0929,2025-11-21,CASH,FAILED,176.8
PAY0930,ORD0930,2025-11-25,UPI,FAILED,451.15
PAY0931,ORD0931,2025-10-16,UPI,PENDING,205.82
PAY0932,ORD0932,2025-10-25,PAYPAL,PENDING,29.77
PAY0933,ORD0933,2025-10-20,UPI,FAILED,0.0
PAY0934,ORD0934,2025-11-24,PAYPAL,PENDING,570.3
PAY0935,ORD0935,2025-10-14,CASH,SUCCESS,0.0
PAY0936,ORD0936,2025-10-28,UPI,PENDING,118.34
PAY0937,ORD0937,2025-11-18,CARD,SUCCESS,35.84
PAY0938,ORD0938,2025-11-09,UPI,PENDING,138.37
PAY0939,ORD0939,2025-11-02,CASH,FAILED,0.0
PAY0940,ORD0940,2025-11-21,UPI,FAILED,737.97
PAY0941,ORD0941,2025-10-30,PAYPAL,FAILED,942.96
PAY0942,ORD0942,2025-11-16,CARD,PENDING,457.83
PAY0943,ORD0943,2025-12-04,PAYPAL,PENDING,564.14
PAY0944,ORD0944,2025-11-09,PAYPAL,SUCCESS,900.25
PAY0945,ORD0945,2025-10-23,CASH,SUCCESS,462.55
PAY0946,ORD0946,2025-11-18,CARD,PENDING,0.0
PAY0947,ORD0947,2025-11-28,PAYPAL,PENDING,114.26
PAY0948,ORD0948,2025-11-05,PAYPAL,PENDING,0.0
PAY0949,ORD0949,2025-11-19,PAYPAL,SUCCESS,510.09
PAY0950,ORD0950,2025-11-15,CARD,FAILED,713.98
PAY0951,ORD0951,2025-11-19,PAYPAL,SUCCESS,507.82
PAY0952,ORD0952,2025-12-03,PAYPAL,FAILED,332.59
PAY0953,ORD0953,2025-11-07,CARD,SUCCESS,594.6
PAY0954,ORD0954,2025-10-29,UPI,FAILED,0.0
PAY0955,ORD0955,2025-10-23,UPI,FAILED,833.44
PAY0956,ORD0956,2025-11-04,CASH,SUCCESS,892.77
PAY0957,ORD0957,2025-11-23,UPI,SUCCESS,0.0
PAY0958,ORD0958,2025-11-26,PAYPAL,PENDING,430.0
PAY0959,ORD0959,2025-10-26,PAYPAL,FAILED,936.43
PAY0960,ORD0960,2025-10-23,PAYPAL,PENDING,640.83
PAY0961,ORD0961,2025-11-25,CARD,PENDING,160.11
PAY0962,ORD0962,2025-11-22,UPI,FAILED,408.13
PAY0963,ORD0963,2025-11-14,PAYPAL,PENDING,209.14
PAY0964,ORD0964,2025-10-23,UPI,FAILED,661.87
PAY0965,ORD0965,2025-10-09,PAYPAL,SUCCESS,347.96
PAY0966,ORD0966,2025-11-23,CASH,FAILED,0.0
PAY0967,ORD0967,2025-11-05,PAYPAL,SUCCESS,678.3
PAY0968,ORD0968,2025-11-16,PAYPAL,SUCCESS,118.5
PAY0969,ORD0969,2025-11-28,PAYPAL,SUCCESS,0.0
PAY0970,ORD0970,2025-10-17,CARD,FAILED,92.01
PAY0971,ORD0971,2025-10-17,PAYPAL,FAILED,55.68
PAY0972,ORD0972,2025-11-09,CASH,FAILED,0.0
PAY0973,ORD0973,2025-12-01,PAYPAL,FAILED,855.04
PAY0974,ORD0974,2025-10-29,CARD,SUCCESS,223.89
PAY0975,ORD0975,2025-11-01,CARD,SUCCESS,279.23
PAY0976,ORD0976,2025-11-17,PAYPAL,SUCCESS,666.19
PAY0977,ORD0977,2025-11-03,PAYPAL,FAILED,328.79
PAY0978,ORD0978,2025-11-08,UPI,SUCCESS,725.18
PAY0979,ORD0979,2025-11-19,UPI,PENDING,170.31
PAY0980,ORD0980,2025-11-22,PAYPAL,PENDING,52.19
PAY0981,ORD0981,2025-10-22,UPI,FAILED,153.14
PAY0982,ORD0982,2025-11-14,CASH,PENDING,952.03
PAY0983,ORD0983,2025-11-06,PAYPAL,FAILED,782.33
PAY0984,ORD0984,2025-10-28,CARD,FAILED,304.97
PAY0985,ORD0985,2025-10-19,UPI,SUCCESS,931.21
PAY0986,ORD0986,2025-11-05,UPI,PENDING,72.32
PAY0987,ORD0987,2025-11-01,CASH,FAILED,130.74
PAY0988,ORD0988,2025-11-25,CARD,FAILED,333.41
PAY0989,ORD0989,2025-11-27,UPI,FAILED,965.92
PAY0990,ORD0990,2025-11-08,PAYPAL,FAILED,21.62
PAY0991,ORD0991,2025-11-22,CASH,FAILED,0.0
PAY0992,ORD0992,2025-10-16,PAYPAL,PENDING,124.98
PAY0993,ORD0993,2025-12-04,UPI,PENDING,394.45
PAY0994,ORD0994,2025-11-10,CASH,SUCCESS,0.0
PAY0995,ORD0995,2025-11-30,UPI,SUCCESS,0.0
PAY0996,ORD0996,2025-12-04,UPI,SUCCESS,610.2
PAY0997,ORD0997,2025-10-22,CASH,SUCCESS,276.8
PAY0998,ORD0998,2025-10-24,PAYPAL,PENDING,919.75
PAY0999,ORD0999,2025-11-09,CARD,SUCCESS,920.64
PAY1000,ORD1000,2025-11-29,UPI,FAILED,704.28
